{
    "p1_vrijednosti": [
        0.0,
        0.005,
        0.01,
        0.015,
        0.02,
        0.025,
        0.03,
        0.035,
        0.04,
        0.045,
        0.05,
        0.055,
        0.06,
        0.065,
        0.07,
        0.075
    ],
    "p2_vrijednosti": [
        1,
        1,
        1,
        1,
        1,
        1,
        1,
        0.975,
        0.6999999999999997,
        0.5699999999999996,
        0.40499999999999947,
        0.24499999999999933,
        0.1999999999999993,
        0.14999999999999925,
        0.0949999999999992,
        0.05999999999999917
    ]
}