{
    "p1_vrijednosti": [
        0.0, 
        0.0050000000000000001, 
        0.01, 
        0.014999999999999999, 
        0.02, 
        0.025000000000000001, 
        0.029999999999999999, 
        0.035000000000000003, 
        0.040000000000000001, 
        0.044999999999999998, 
        0.050000000000000003, 
        0.055, 
        0.059999999999999998, 
        0.065000000000000002, 
        0.070000000000000007, 
        0.074999999999999997, 
        0.080000000000000002, 
        0.085000000000000006, 
        0.089999999999999997, 
        0.095000000000000001, 
        0.10000000000000001, 
        0.105, 
        0.11, 
        0.115, 
        0.12, 
        0.125, 
        0.13
    ], 
    "p2_vrijednosti": [
        1, 
        1, 
        1, 
        1, 
        1, 
        1, 
        1, 
        1, 
        1, 
        1, 
        1, 
        0.8499999999999999, 
        0.7249999999999998, 
        0.6299999999999997, 
        0.5299999999999996, 
        0.46999999999999953, 
        0.40499999999999947, 
        0.3549999999999994, 
        0.28999999999999937, 
        0.24499999999999933, 
        0.2049999999999993, 
        0.16499999999999926, 
        0.12499999999999922, 
        0.1049999999999992, 
        0.06499999999999917, 
        0.04499999999999918, 
        0.01999999999999918
    ]
}