{
    "p1_vrijednosti": [
        0.0,
        0.005,
        0.01,
        0.015,
        0.02,
        0.025,
        0.03,
        0.035,
        0.04,
        0.045,
        0.05,
        0.055,
        0.06,
        0.065,
        0.07,
        0.075,
        0.08,
        0.085,
        0.09,
        0.095,
        0.1,
        0.105,
        0.11,
        0.115,
        0.12,
        0.125,
        0.13,
        0.135,
        0.14,
        0.145,
        0.15,
        0.155,
        0.16,
        0.165,
        0.17,
        0.17500000000000002,
        0.18
    ],
    "p2_vrijednosti": [
        1,
        1,
        1,
        1,
        1,
        1,
        1,
        1,
        1,
        1,
        1,
        1,
        1,
        1,
        0.94,
        0.8399999999999999,
        0.7549999999999998,
        0.6499999999999997,
        0.5899999999999996,
        0.5599999999999996,
        0.4549999999999995,
        0.4399999999999995,
        0.37999999999999945,
        0.3399999999999994,
        0.28499999999999936,
        0.26499999999999935,
        0.22999999999999932,
        0.2149999999999993,
        0.15999999999999925,
        0.14499999999999924,
        0.11499999999999921,
        0.11499999999999921,
        0.054999999999999175,
        0.04999999999999918,
        0.034999999999999185,
        0.01999999999999918,
        0.00499999999999918
    ]
}