{
    "p1_vrijednosti": [
        0.0, 
        0.0050000000000000001, 
        0.01, 
        0.014999999999999999, 
        0.02, 
        0.025000000000000001, 
        0.029999999999999999, 
        0.035000000000000003, 
        0.040000000000000001, 
        0.044999999999999998, 
        0.050000000000000003, 
        0.055, 
        0.059999999999999998, 
        0.065000000000000002, 
        0.070000000000000007, 
        0.074999999999999997, 
        0.080000000000000002, 
        0.085000000000000006, 
        0.089999999999999997, 
        0.095000000000000001, 
        0.10000000000000001, 
        0.105, 
        0.11, 
        0.115, 
        0.12
    ], 
    "p2_vrijednosti": [
        1, 
        1, 
        1, 
        1, 
        1, 
        1, 
        1, 
        1, 
        1, 
        1, 
        0.8299999999999998, 
        0.7149999999999997, 
        0.6099999999999997, 
        0.5099999999999996, 
        0.4249999999999995, 
        0.3499999999999994, 
        0.2949999999999994, 
        0.24999999999999933, 
        0.2049999999999993, 
        0.15499999999999925, 
        0.11499999999999921, 
        0.0949999999999992, 
        0.054999999999999175, 
        0.024999999999999183, 
        0.00999999999999918
    ]
}