{
    "p1_vrijednosti": [
        0.0,
        0.005,
        0.01,
        0.015,
        0.02,
        0.025,
        0.03,
        0.035,
        0.04,
        0.045,
        0.05,
        0.055,
        0.06,
        0.065,
        0.07,
        0.075,
        0.08,
        0.085,
        0.09,
        0.095,
        0.1,
        0.105,
        0.11,
        0.115,
        0.12,
        0.125,
        0.13,
        0.135,
        0.14,
        0.145,
        0.15,
        0.155,
        0.16,
        0.165,
        0.17,
        0.17500000000000002,
        0.18,
        0.185,
        0.19,
        0.195
    ],
    "p2_vrijednosti": [
        1,
        1,
        1,
        1,
        1,
        1,
        1,
        1,
        1,
        1,
        1,
        1,
        1,
        1,
        1,
        0.965,
        0.8599999999999999,
        0.7749999999999998,
        0.7199999999999998,
        0.6149999999999997,
        0.5849999999999996,
        0.5199999999999996,
        0.47499999999999953,
        0.4249999999999995,
        0.37499999999999944,
        0.3549999999999994,
        0.28999999999999937,
        0.25999999999999934,
        0.25999999999999934,
        0.2199999999999993,
        0.18499999999999928,
        0.15499999999999925,
        0.13999999999999924,
        0.11999999999999922,
        0.08999999999999919,
        0.06999999999999917,
        0.04499999999999918,
        0.04499999999999918,
        0.029999999999999184,
        0.00499999999999918
    ]
}