{
    "p1_vrijednosti": [
        0.0, 
        0.0050000000000000001, 
        0.01, 
        0.014999999999999999, 
        0.02, 
        0.025000000000000001, 
        0.029999999999999999, 
        0.035000000000000003, 
        0.040000000000000001, 
        0.044999999999999998, 
        0.050000000000000003, 
        0.055, 
        0.059999999999999998, 
        0.065000000000000002, 
        0.070000000000000007, 
        0.074999999999999997, 
        0.080000000000000002, 
        0.085000000000000006, 
        0.089999999999999997, 
        0.095000000000000001, 
        0.10000000000000001, 
        0.105, 
        0.11, 
        0.115, 
        0.12, 
        0.125, 
        0.13, 
        0.13500000000000001, 
        0.14000000000000001, 
        0.14499999999999999, 
        0.14999999999999999, 
        0.155, 
        0.16, 
        0.16500000000000001
    ], 
    "p2_vrijednosti": [
        1, 
        1, 
        1, 
        1, 
        1, 
        1, 
        1, 
        1, 
        1, 
        1, 
        1, 
        1, 
        1, 
        0.995, 
        0.8999999999999999, 
        0.8149999999999998, 
        0.7099999999999997, 
        0.6349999999999997, 
        0.5499999999999996, 
        0.49499999999999955, 
        0.4399999999999995, 
        0.38499999999999945, 
        0.3549999999999994, 
        0.3099999999999994, 
        0.25999999999999934, 
        0.23499999999999932, 
        0.2049999999999993, 
        0.16499999999999926, 
        0.13999999999999924, 
        0.10999999999999921, 
        0.08999999999999919, 
        0.05999999999999917, 
        0.04499999999999918, 
        0.01999999999999918
    ]
}