{
    "p1_vrijednosti": [
        0.0,
        0.005,
        0.01,
        0.015,
        0.02,
        0.025,
        0.03,
        0.035,
        0.04,
        0.045,
        0.05,
        0.055,
        0.06,
        0.065,
        0.07,
        0.075,
        0.08,
        0.085,
        0.09,
        0.095,
        0.1,
        0.105,
        0.11,
        0.115,
        0.12,
        0.125,
        0.13,
        0.135,
        0.14,
        0.145,
        0.15,
        0.155,
        0.16
    ],
    "p2_vrijednosti": [
        1,
        1,
        1,
        1,
        1,
        1,
        1,
        1,
        1,
        1,
        1,
        1,
        1,
        0.9049999999999999,
        0.7999999999999998,
        0.7349999999999998,
        0.6349999999999997,
        0.5699999999999996,
        0.49999999999999956,
        0.4249999999999995,
        0.39499999999999946,
        0.3399999999999994,
        0.3149999999999994,
        0.27499999999999936,
        0.24499999999999933,
        0.2149999999999993,
        0.16499999999999926,
        0.11499999999999921,
        0.11499999999999921,
        0.06499999999999917,
        0.06499999999999917,
        0.034999999999999185,
        0.00499999999999918
    ]
}