{
    "p1_vrijednosti": [
        0.0, 
        0.0050000000000000001, 
        0.01, 
        0.014999999999999999, 
        0.02, 
        0.025000000000000001, 
        0.029999999999999999, 
        0.035000000000000003, 
        0.040000000000000001, 
        0.044999999999999998, 
        0.050000000000000003, 
        0.055, 
        0.059999999999999998, 
        0.065000000000000002, 
        0.070000000000000007, 
        0.074999999999999997, 
        0.080000000000000002, 
        0.085000000000000006, 
        0.089999999999999997, 
        0.095000000000000001, 
        0.10000000000000001, 
        0.105, 
        0.11, 
        0.115, 
        0.12, 
        0.125, 
        0.13, 
        0.13500000000000001, 
        0.14000000000000001, 
        0.14499999999999999, 
        0.14999999999999999, 
        0.155, 
        0.16, 
        0.16500000000000001, 
        0.17000000000000001, 
        0.17500000000000002, 
        0.17999999999999999, 
        0.185, 
        0.19, 
        0.19500000000000001, 
        0.20000000000000001, 
        0.20500000000000002, 
        0.20999999999999999, 
        0.215, 
        0.22, 
        0.22500000000000001, 
        0.23000000000000001, 
        0.23500000000000001, 
        0.23999999999999999, 
        0.245, 
        0.25, 
        0.255, 
        0.26000000000000001, 
        0.26500000000000001, 
        0.27000000000000002, 
        0.27500000000000002, 
        0.28000000000000003, 
        0.28500000000000003, 
        0.28999999999999998, 
        0.29499999999999998, 
        0.29999999999999999, 
        0.30499999999999999, 
        0.31, 
        0.315, 
        0.32000000000000001, 
        0.32500000000000001, 
        0.33000000000000002, 
        0.33500000000000002, 
        0.34000000000000002, 
        0.34500000000000003, 
        0.35000000000000003, 
        0.35499999999999998, 
        0.35999999999999999, 
        0.36499999999999999
    ], 
    "p2_vrijednosti": [
        1, 
        1, 
        1, 
        1, 
        1, 
        1, 
        1, 
        1, 
        1, 
        1, 
        1, 
        1, 
        1, 
        1, 
        1, 
        1, 
        1, 
        1, 
        1, 
        1, 
        1, 
        1, 
        1, 
        1, 
        1, 
        1, 
        1, 
        1, 
        0.975, 
        0.96, 
        0.8849999999999999, 
        0.8249999999999998, 
        0.8049999999999998, 
        0.7299999999999998, 
        0.7049999999999997, 
        0.6599999999999997, 
        0.6199999999999997, 
        0.6049999999999996, 
        0.5499999999999996, 
        0.5349999999999996, 
        0.5049999999999996, 
        0.48999999999999955, 
        0.4549999999999995, 
        0.4349999999999995, 
        0.40499999999999947, 
        0.40499999999999947, 
        0.3549999999999994, 
        0.3349999999999994, 
        0.3149999999999994, 
        0.3049999999999994, 
        0.27499999999999936, 
        0.25999999999999934, 
        0.24999999999999933, 
        0.22999999999999932, 
        0.2199999999999993, 
        0.2149999999999993, 
        0.2049999999999993, 
        0.17499999999999927, 
        0.15999999999999925, 
        0.14999999999999925, 
        0.13999999999999924, 
        0.12499999999999922, 
        0.11999999999999922, 
        0.10999999999999921, 
        0.0949999999999992, 
        0.07499999999999918, 
        0.054999999999999175, 
        0.04999999999999918, 
        0.04499999999999918, 
        0.024999999999999183, 
        0.024999999999999183, 
        0.00999999999999918, 
        0, 
        0
    ]
}