{
    "p1_vrijednosti": [
        0.0, 
        0.0050000000000000001, 
        0.01, 
        0.014999999999999999, 
        0.02, 
        0.025000000000000001, 
        0.029999999999999999, 
        0.035000000000000003, 
        0.040000000000000001, 
        0.044999999999999998, 
        0.050000000000000003, 
        0.055, 
        0.059999999999999998, 
        0.065000000000000002, 
        0.070000000000000007, 
        0.074999999999999997, 
        0.080000000000000002, 
        0.085000000000000006, 
        0.089999999999999997, 
        0.095000000000000001
    ], 
    "p2_vrijednosti": [
        1, 
        1, 
        1, 
        1, 
        1, 
        1, 
        1, 
        1, 
        0.9099999999999999, 
        0.7349999999999998, 
        0.5799999999999996, 
        0.48499999999999954, 
        0.39499999999999946, 
        0.2999999999999994, 
        0.24999999999999933, 
        0.17999999999999927, 
        0.12499999999999922, 
        0.0949999999999992, 
        0.054999999999999175, 
        0.01499999999999918
    ]
}