{
    "p1_vrijednosti": [
        0.0, 
        0.0050000000000000001, 
        0.01, 
        0.014999999999999999, 
        0.02, 
        0.025000000000000001, 
        0.029999999999999999, 
        0.035000000000000003, 
        0.040000000000000001, 
        0.044999999999999998, 
        0.050000000000000003, 
        0.055, 
        0.059999999999999998, 
        0.065000000000000002, 
        0.070000000000000007, 
        0.074999999999999997, 
        0.080000000000000002, 
        0.085000000000000006, 
        0.089999999999999997, 
        0.095000000000000001, 
        0.10000000000000001, 
        0.105, 
        0.11, 
        0.115, 
        0.12, 
        0.125, 
        0.13, 
        0.13500000000000001, 
        0.14000000000000001, 
        0.14499999999999999, 
        0.14999999999999999
    ], 
    "p2_vrijednosti": [
        1, 
        1, 
        1, 
        1, 
        1, 
        1, 
        1, 
        1, 
        1, 
        1, 
        1, 
        1, 
        0.9199999999999999, 
        0.7799999999999998, 
        0.6849999999999997, 
        0.6149999999999997, 
        0.5249999999999996, 
        0.4649999999999995, 
        0.40499999999999947, 
        0.3499999999999994, 
        0.2949999999999994, 
        0.26499999999999935, 
        0.23499999999999932, 
        0.18499999999999928, 
        0.14999999999999925, 
        0.12499999999999922, 
        0.08499999999999919, 
        0.06999999999999917, 
        0.04499999999999918, 
        0.029999999999999184, 
        0.00499999999999918
    ]
}