{
    "p1_vrijednosti": [
        0.0, 
        0.0050000000000000001, 
        0.01, 
        0.014999999999999999, 
        0.02, 
        0.025000000000000001, 
        0.029999999999999999, 
        0.035000000000000003, 
        0.040000000000000001, 
        0.044999999999999998, 
        0.050000000000000003, 
        0.055, 
        0.059999999999999998, 
        0.065000000000000002, 
        0.070000000000000007, 
        0.074999999999999997, 
        0.080000000000000002
    ], 
    "p2_vrijednosti": [
        1, 
        1, 
        1, 
        1, 
        1, 
        1, 
        1, 
        0.8549999999999999, 
        0.6849999999999997, 
        0.5199999999999996, 
        0.40499999999999947, 
        0.2999999999999994, 
        0.22999999999999932, 
        0.15999999999999925, 
        0.1049999999999992, 
        0.0949999999999992, 
        0.00999999999999918
    ]
}