{
    "p1_vrijednosti": [
        0.0,
        0.005,
        0.01,
        0.015,
        0.02,
        0.025,
        0.03,
        0.035,
        0.04,
        0.045,
        0.05,
        0.055,
        0.06,
        0.065,
        0.07,
        0.075,
        0.08,
        0.085,
        0.09,
        0.095,
        0.1,
        0.105,
        0.11,
        0.115,
        0.12,
        0.125,
        0.13,
        0.135,
        0.14,
        0.145,
        0.15
    ],
    "p2_vrijednosti": [
        1,
        1,
        1,
        1,
        1,
        1,
        1,
        1,
        1,
        1,
        1,
        1,
        0.96,
        0.7949999999999998,
        0.7049999999999997,
        0.6099999999999997,
        0.5449999999999996,
        0.47999999999999954,
        0.4299999999999995,
        0.3499999999999994,
        0.3199999999999994,
        0.27499999999999936,
        0.2199999999999993,
        0.18999999999999928,
        0.17499999999999927,
        0.13999999999999924,
        0.08499999999999919,
        0.04499999999999918,
        0.04499999999999918,
        0.00499999999999918,
        0
    ]
}