{
    "p1_vrijednosti": [
        0.0,
        0.005,
        0.01,
        0.015,
        0.02,
        0.025,
        0.03,
        0.035,
        0.04,
        0.045,
        0.05,
        0.055,
        0.06,
        0.065,
        0.07,
        0.075,
        0.08,
        0.085,
        0.09,
        0.095,
        0.1
    ],
    "p2_vrijednosti": [
        1,
        1,
        1,
        1,
        1,
        1,
        1,
        1,
        1,
        0.9349999999999999,
        0.7399999999999998,
        0.5649999999999996,
        0.5049999999999996,
        0.4449999999999995,
        0.3199999999999994,
        0.26999999999999935,
        0.19499999999999929,
        0.13999999999999924,
        0.11999999999999922,
        0.04499999999999918,
        0.01499999999999918
    ]
}