{
    "p1_vrijednosti": [
        0.0,
        0.005,
        0.01,
        0.015,
        0.02,
        0.025,
        0.03,
        0.035,
        0.04,
        0.045,
        0.05,
        0.055,
        0.06,
        0.065,
        0.07,
        0.075,
        0.08,
        0.085,
        0.09,
        0.095,
        0.1,
        0.105,
        0.11,
        0.115,
        0.12,
        0.125,
        0.13,
        0.135,
        0.14,
        0.145,
        0.15,
        0.155,
        0.16,
        0.165,
        0.17,
        0.17500000000000002,
        0.18,
        0.185,
        0.19,
        0.195,
        0.2,
        0.20500000000000002,
        0.21,
        0.215,
        0.22,
        0.225,
        0.23,
        0.23500000000000001,
        0.24,
        0.245,
        0.25,
        0.255,
        0.26,
        0.265,
        0.27,
        0.275,
        0.28,
        0.28500000000000003,
        0.29,
        0.295,
        0.3,
        0.305,
        0.31,
        0.315,
        0.32,
        0.325,
        0.33,
        0.335,
        0.34,
        0.34500000000000003,
        0.35000000000000003,
        0.355,
        0.36,
        0.365,
        0.37,
        0.375,
        0.38,
        0.385,
        0.39,
        0.395,
        0.4,
        0.405,
        0.41000000000000003,
        0.41500000000000004,
        0.42,
        0.425,
        0.43,
        0.435,
        0.44,
        0.445,
        0.45,
        0.455,
        0.46,
        0.465,
        0.47000000000000003,
        0.47500000000000003,
        0.48,
        0.485,
        0.49,
        0.495,
        0.5,
        0.505,
        0.51,
        0.515,
        0.52,
        0.525,
        0.53,
        0.535,
        0.54,
        0.545,
        0.55,
        0.555,
        0.56,
        0.5650000000000001,
        0.5700000000000001,
        0.5750000000000001,
        0.58,
        0.585,
        0.59
    ],
    "p2_vrijednosti": [
        1,
        1,
        1,
        1,
        1,
        1,
        1,
        1,
        1,
        1,
        1,
        1,
        1,
        1,
        1,
        1,
        1,
        1,
        1,
        1,
        1,
        1,
        1,
        1,
        1,
        1,
        1,
        1,
        1,
        1,
        1,
        1,
        1,
        1,
        1,
        1,
        1,
        1,
        1,
        1,
        1,
        1,
        1,
        1,
        1,
        1,
        1,
        1,
        1,
        1,
        1,
        1,
        1,
        1,
        1,
        1,
        1,
        1,
        1,
        1,
        1,
        1,
        1,
        1,
        1,
        0.985,
        0.96,
        0.9099999999999999,
        0.8599999999999999,
        0.8499999999999999,
        0.8499999999999999,
        0.7949999999999998,
        0.7799999999999998,
        0.7349999999999998,
        0.7099999999999997,
        0.6749999999999997,
        0.6699999999999997,
        0.6349999999999997,
        0.6149999999999997,
        0.6049999999999996,
        0.5599999999999996,
        0.5499999999999996,
        0.5349999999999996,
        0.5049999999999996,
        0.48499999999999954,
        0.4499999999999995,
        0.4449999999999995,
        0.4249999999999995,
        0.4149999999999995,
        0.38499999999999945,
        0.36499999999999944,
        0.3549999999999994,
        0.3249999999999994,
        0.3249999999999994,
        0.3149999999999994,
        0.27999999999999936,
        0.27499999999999936,
        0.25499999999999934,
        0.25499999999999934,
        0.23499999999999932,
        0.23499999999999932,
        0.2149999999999993,
        0.18499999999999928,
        0.16499999999999926,
        0.16499999999999926,
        0.13999999999999924,
        0.13999999999999924,
        0.12499999999999922,
        0.1049999999999992,
        0.1049999999999992,
        0.08999999999999919,
        0.08499999999999919,
        0.05999999999999917,
        0.054999999999999175,
        0.04499999999999918,
        0.04499999999999918,
        0.01499999999999918,
        0.00999999999999918,
        0
    ]
}