{
    "p1_vrijednosti": [
        0.0, 
        0.0050000000000000001, 
        0.01, 
        0.014999999999999999, 
        0.02, 
        0.025000000000000001, 
        0.029999999999999999, 
        0.035000000000000003, 
        0.040000000000000001, 
        0.044999999999999998, 
        0.050000000000000003, 
        0.055, 
        0.059999999999999998, 
        0.065000000000000002, 
        0.070000000000000007, 
        0.074999999999999997, 
        0.080000000000000002, 
        0.085000000000000006, 
        0.089999999999999997, 
        0.095000000000000001, 
        0.10000000000000001, 
        0.105, 
        0.11, 
        0.115, 
        0.12, 
        0.125, 
        0.13, 
        0.13500000000000001, 
        0.14000000000000001, 
        0.14499999999999999, 
        0.14999999999999999, 
        0.155, 
        0.16, 
        0.16500000000000001, 
        0.17000000000000001, 
        0.17500000000000002, 
        0.17999999999999999, 
        0.185, 
        0.19, 
        0.19500000000000001, 
        0.20000000000000001, 
        0.20500000000000002, 
        0.20999999999999999, 
        0.215, 
        0.22, 
        0.22500000000000001, 
        0.23000000000000001, 
        0.23500000000000001, 
        0.23999999999999999, 
        0.245, 
        0.25, 
        0.255, 
        0.26000000000000001, 
        0.26500000000000001, 
        0.27000000000000002
    ], 
    "p2_vrijednosti": [
        1, 
        1, 
        1, 
        1, 
        1, 
        1, 
        1, 
        1, 
        1, 
        1, 
        1, 
        1, 
        1, 
        1, 
        1, 
        1, 
        1, 
        1, 
        1, 
        1, 
        1, 
        1, 
        1, 
        1, 
        1, 
        1, 
        0.99, 
        0.9299999999999999, 
        0.8649999999999999, 
        0.7999999999999998, 
        0.7399999999999998, 
        0.6799999999999997, 
        0.6399999999999997, 
        0.5949999999999996, 
        0.5449999999999996, 
        0.5049999999999996, 
        0.4599999999999995, 
        0.4249999999999995, 
        0.37499999999999944, 
        0.3549999999999994, 
        0.3299999999999994, 
        0.2949999999999994, 
        0.27499999999999936, 
        0.22999999999999932, 
        0.2149999999999993, 
        0.18499999999999928, 
        0.14999999999999925, 
        0.14499999999999924, 
        0.11499999999999921, 
        0.08999999999999919, 
        0.07499999999999918, 
        0.04999999999999918, 
        0.024999999999999183, 
        0.00999999999999918, 
        0
    ]
}