{
    "p1_vrijednosti": [
        0.0, 
        0.0050000000000000001, 
        0.01, 
        0.014999999999999999, 
        0.02, 
        0.025000000000000001, 
        0.029999999999999999, 
        0.035000000000000003, 
        0.040000000000000001, 
        0.044999999999999998, 
        0.050000000000000003, 
        0.055, 
        0.059999999999999998, 
        0.065000000000000002, 
        0.070000000000000007, 
        0.074999999999999997, 
        0.080000000000000002, 
        0.085000000000000006, 
        0.089999999999999997, 
        0.095000000000000001, 
        0.10000000000000001, 
        0.105, 
        0.11, 
        0.115, 
        0.12, 
        0.125, 
        0.13, 
        0.13500000000000001, 
        0.14000000000000001, 
        0.14499999999999999, 
        0.14999999999999999, 
        0.155, 
        0.16, 
        0.16500000000000001, 
        0.17000000000000001, 
        0.17500000000000002, 
        0.17999999999999999, 
        0.185, 
        0.19, 
        0.19500000000000001
    ], 
    "p2_vrijednosti": [
        1, 
        1, 
        1, 
        1, 
        1, 
        1, 
        1, 
        1, 
        1, 
        1, 
        1, 
        1, 
        1, 
        1, 
        1, 
        1, 
        0.985, 
        0.8699999999999999, 
        0.8099999999999998, 
        0.7049999999999997, 
        0.6499999999999997, 
        0.5999999999999996, 
        0.5249999999999996, 
        0.4649999999999995, 
        0.4199999999999995, 
        0.36999999999999944, 
        0.3449999999999994, 
        0.3149999999999994, 
        0.25999999999999934, 
        0.24499999999999933, 
        0.2149999999999993, 
        0.17999999999999927, 
        0.14999999999999925, 
        0.12499999999999922, 
        0.0999999999999992, 
        0.08499999999999919, 
        0.05999999999999917, 
        0.03999999999999918, 
        0.024999999999999183, 
        0.00499999999999918
    ]
}