{
    "p1_vrijednosti": [
        0.0, 
        0.0050000000000000001, 
        0.01, 
        0.014999999999999999, 
        0.02, 
        0.025000000000000001, 
        0.029999999999999999, 
        0.035000000000000003, 
        0.040000000000000001, 
        0.044999999999999998, 
        0.050000000000000003, 
        0.055, 
        0.059999999999999998, 
        0.065000000000000002, 
        0.070000000000000007, 
        0.074999999999999997
    ], 
    "p2_vrijednosti": [
        1, 
        1, 
        1, 
        1, 
        1, 
        1, 
        1, 
        0.7749999999999998, 
        0.5899999999999996, 
        0.4299999999999995, 
        0.3299999999999994, 
        0.22999999999999932, 
        0.15999999999999925, 
        0.08499999999999919, 
        0.03999999999999918, 
        0.024999999999999183
    ]
}