{
    "p1_vrijednosti": [
        0.0, 
        0.0050000000000000001, 
        0.01, 
        0.014999999999999999, 
        0.02, 
        0.025000000000000001, 
        0.029999999999999999, 
        0.035000000000000003, 
        0.040000000000000001, 
        0.044999999999999998, 
        0.050000000000000003, 
        0.055, 
        0.059999999999999998, 
        0.065000000000000002, 
        0.070000000000000007, 
        0.074999999999999997, 
        0.080000000000000002, 
        0.085000000000000006
    ], 
    "p2_vrijednosti": [
        1, 
        1, 
        1, 
        1, 
        1, 
        1, 
        1, 
        0.99, 
        0.7899999999999998, 
        0.6249999999999997, 
        0.48999999999999955, 
        0.37999999999999945, 
        0.2999999999999994, 
        0.22999999999999932, 
        0.16999999999999926, 
        0.14499999999999924, 
        0.06499999999999917, 
        0.024999999999999183
    ]
}