{
    "p1_vrijednosti": [
        0.0, 
        0.0050000000000000001, 
        0.01, 
        0.014999999999999999, 
        0.02, 
        0.025000000000000001, 
        0.029999999999999999, 
        0.035000000000000003, 
        0.040000000000000001, 
        0.044999999999999998, 
        0.050000000000000003, 
        0.055, 
        0.059999999999999998, 
        0.065000000000000002, 
        0.070000000000000007, 
        0.074999999999999997, 
        0.080000000000000002, 
        0.085000000000000006, 
        0.089999999999999997, 
        0.095000000000000001, 
        0.10000000000000001, 
        0.105, 
        0.11, 
        0.115, 
        0.12, 
        0.125, 
        0.13, 
        0.13500000000000001, 
        0.14000000000000001, 
        0.14499999999999999, 
        0.14999999999999999, 
        0.155, 
        0.16, 
        0.16500000000000001, 
        0.17000000000000001, 
        0.17500000000000002, 
        0.17999999999999999, 
        0.185, 
        0.19, 
        0.19500000000000001, 
        0.20000000000000001, 
        0.20500000000000002, 
        0.20999999999999999, 
        0.215, 
        0.22, 
        0.22500000000000001, 
        0.23000000000000001, 
        0.23500000000000001, 
        0.23999999999999999, 
        0.245, 
        0.25, 
        0.255, 
        0.26000000000000001, 
        0.26500000000000001, 
        0.27000000000000002, 
        0.27500000000000002, 
        0.28000000000000003, 
        0.28500000000000003, 
        0.28999999999999998, 
        0.29499999999999998, 
        0.29999999999999999, 
        0.30499999999999999, 
        0.31, 
        0.315, 
        0.32000000000000001, 
        0.32500000000000001, 
        0.33000000000000002, 
        0.33500000000000002, 
        0.34000000000000002, 
        0.34500000000000003, 
        0.35000000000000003, 
        0.35499999999999998, 
        0.35999999999999999, 
        0.36499999999999999, 
        0.37, 
        0.375, 
        0.38, 
        0.38500000000000001, 
        0.39000000000000001, 
        0.39500000000000002
    ], 
    "p2_vrijednosti": [
        1, 
        1, 
        1, 
        1, 
        1, 
        1, 
        1, 
        1, 
        1, 
        1, 
        1, 
        1, 
        1, 
        1, 
        1, 
        1, 
        1, 
        1, 
        1, 
        1, 
        1, 
        1, 
        1, 
        1, 
        1, 
        1, 
        1, 
        1, 
        1, 
        1, 
        1, 
        1, 
        0.995, 
        0.95, 
        0.9099999999999999, 
        0.8849999999999999, 
        0.8249999999999998, 
        0.7699999999999998, 
        0.7449999999999998, 
        0.7249999999999998, 
        0.6799999999999997, 
        0.6499999999999997, 
        0.5999999999999996, 
        0.5749999999999996, 
        0.5449999999999996, 
        0.5399999999999996, 
        0.49499999999999955, 
        0.48499999999999954, 
        0.4399999999999995, 
        0.4199999999999995, 
        0.39999999999999947, 
        0.37999999999999945, 
        0.3549999999999994, 
        0.3449999999999994, 
        0.3199999999999994, 
        0.3149999999999994, 
        0.28999999999999937, 
        0.27999999999999936, 
        0.25499999999999934, 
        0.24999999999999933, 
        0.2149999999999993, 
        0.2149999999999993, 
        0.19499999999999929, 
        0.18499999999999928, 
        0.17499999999999927, 
        0.16499999999999926, 
        0.13999999999999924, 
        0.12999999999999923, 
        0.11999999999999922, 
        0.0999999999999992, 
        0.0999999999999992, 
        0.08499999999999919, 
        0.07999999999999918, 
        0.06999999999999917, 
        0.04999999999999918, 
        0.03999999999999918, 
        0.03999999999999918, 
        0.034999999999999185, 
        0.01999999999999918, 
        0.00999999999999918
    ]
}