{
    "p1_vrijednosti": [
        0.0, 
        0.0050000000000000001, 
        0.01, 
        0.014999999999999999, 
        0.02, 
        0.025000000000000001, 
        0.029999999999999999, 
        0.035000000000000003, 
        0.040000000000000001, 
        0.044999999999999998, 
        0.050000000000000003, 
        0.055, 
        0.059999999999999998, 
        0.065000000000000002, 
        0.070000000000000007, 
        0.074999999999999997, 
        0.080000000000000002, 
        0.085000000000000006, 
        0.089999999999999997, 
        0.095000000000000001, 
        0.10000000000000001, 
        0.105, 
        0.11, 
        0.115, 
        0.12, 
        0.125, 
        0.13, 
        0.13500000000000001, 
        0.14000000000000001, 
        0.14499999999999999, 
        0.14999999999999999, 
        0.155, 
        0.16, 
        0.16500000000000001, 
        0.17000000000000001, 
        0.17500000000000002, 
        0.17999999999999999, 
        0.185
    ], 
    "p2_vrijednosti": [
        1, 
        1, 
        1, 
        1, 
        1, 
        1, 
        1, 
        1, 
        1, 
        1, 
        1, 
        1, 
        1, 
        1, 
        1, 
        0.995, 
        0.9099999999999999, 
        0.8099999999999998, 
        0.7349999999999998, 
        0.6449999999999997, 
        0.5849999999999996, 
        0.5149999999999996, 
        0.46999999999999953, 
        0.4099999999999995, 
        0.36499999999999944, 
        0.3199999999999994, 
        0.28999999999999937, 
        0.25499999999999934, 
        0.22999999999999932, 
        0.18999999999999928, 
        0.16499999999999926, 
        0.13999999999999924, 
        0.0999999999999992, 
        0.08499999999999919, 
        0.04999999999999918, 
        0.034999999999999185, 
        0.00499999999999918, 
        0.00499999999999918
    ]
}