{
    "p1_vrijednosti": [
        0.0,
        0.005,
        0.01,
        0.015,
        0.02,
        0.025,
        0.03,
        0.035,
        0.04,
        0.045,
        0.05,
        0.055
    ],
    "p2_vrijednosti": [
        1,
        1,
        1,
        1,
        1,
        1,
        0.8949999999999999,
        0.6249999999999997,
        0.4599999999999995,
        0.28499999999999936,
        0.18499999999999928,
        0
    ]
}