{
    "p1_vrijednosti": [
        0.0, 
        0.0050000000000000001, 
        0.01, 
        0.014999999999999999, 
        0.02, 
        0.025000000000000001, 
        0.029999999999999999, 
        0.035000000000000003, 
        0.040000000000000001, 
        0.044999999999999998, 
        0.050000000000000003, 
        0.055, 
        0.059999999999999998, 
        0.065000000000000002, 
        0.070000000000000007, 
        0.074999999999999997, 
        0.080000000000000002, 
        0.085000000000000006, 
        0.089999999999999997, 
        0.095000000000000001, 
        0.10000000000000001, 
        0.105
    ], 
    "p2_vrijednosti": [
        1, 
        1, 
        1, 
        1, 
        1, 
        1, 
        1, 
        1, 
        1, 
        0.8599999999999999, 
        0.6999999999999997, 
        0.5849999999999996, 
        0.48999999999999955, 
        0.38999999999999946, 
        0.3299999999999994, 
        0.26999999999999935, 
        0.2199999999999993, 
        0.15499999999999925, 
        0.11499999999999921, 
        0.08499999999999919, 
        0.04999999999999918, 
        0.01499999999999918
    ]
}