{
    "p1_vrijednosti": [
        0.0,
        0.005,
        0.01,
        0.015,
        0.02,
        0.025,
        0.03,
        0.035,
        0.04,
        0.045,
        0.05,
        0.055,
        0.06,
        0.065,
        0.07,
        0.075,
        0.08,
        0.085,
        0.09,
        0.095,
        0.1,
        0.105,
        0.11,
        0.115,
        0.12,
        0.125,
        0.13,
        0.135,
        0.14,
        0.145,
        0.15,
        0.155,
        0.16,
        0.165,
        0.17,
        0.17500000000000002,
        0.18,
        0.185,
        0.19,
        0.195,
        0.2,
        0.20500000000000002,
        0.21,
        0.215,
        0.22,
        0.225,
        0.23,
        0.23500000000000001,
        0.24,
        0.245,
        0.25,
        0.255,
        0.26,
        0.265,
        0.27,
        0.275,
        0.28,
        0.28500000000000003,
        0.29,
        0.295,
        0.3,
        0.305,
        0.31,
        0.315,
        0.32,
        0.325,
        0.33,
        0.335,
        0.34,
        0.34500000000000003,
        0.35000000000000003,
        0.355,
        0.36,
        0.365,
        0.37,
        0.375,
        0.38,
        0.385,
        0.39,
        0.395,
        0.4,
        0.405,
        0.41000000000000003,
        0.41500000000000004,
        0.42
    ],
    "p2_vrijednosti": [
        1,
        1,
        1,
        1,
        1,
        1,
        1,
        1,
        1,
        1,
        1,
        1,
        1,
        1,
        1,
        1,
        1,
        1,
        1,
        1,
        1,
        1,
        1,
        1,
        1,
        1,
        1,
        1,
        1,
        1,
        1,
        1,
        1,
        1,
        1,
        1,
        0.995,
        0.9199999999999999,
        0.8799999999999999,
        0.8299999999999998,
        0.7749999999999998,
        0.7549999999999998,
        0.7049999999999997,
        0.6799999999999997,
        0.6499999999999997,
        0.6149999999999997,
        0.5899999999999996,
        0.5799999999999996,
        0.5349999999999996,
        0.5149999999999996,
        0.47499999999999953,
        0.4649999999999995,
        0.4399999999999995,
        0.4349999999999995,
        0.40499999999999947,
        0.38999999999999946,
        0.3549999999999994,
        0.3399999999999994,
        0.3149999999999994,
        0.2949999999999994,
        0.2949999999999994,
        0.27499999999999936,
        0.25999999999999934,
        0.24499999999999933,
        0.22999999999999932,
        0.2249999999999993,
        0.2199999999999993,
        0.18999999999999928,
        0.16999999999999926,
        0.15499999999999925,
        0.15499999999999925,
        0.14499999999999924,
        0.11999999999999922,
        0.11999999999999922,
        0.0999999999999992,
        0.0999999999999992,
        0.07499999999999918,
        0.06999999999999917,
        0.054999999999999175,
        0.04999999999999918,
        0.03999999999999918,
        0.03999999999999918,
        0.01499999999999918,
        0.00999999999999918,
        0.00999999999999918
    ]
}