{
    "p1_vrijednosti": [
        0.0, 
        0.0050000000000000001, 
        0.01, 
        0.014999999999999999, 
        0.02, 
        0.025000000000000001, 
        0.029999999999999999, 
        0.035000000000000003, 
        0.040000000000000001, 
        0.044999999999999998, 
        0.050000000000000003, 
        0.055, 
        0.059999999999999998, 
        0.065000000000000002, 
        0.070000000000000007, 
        0.074999999999999997, 
        0.080000000000000002, 
        0.085000000000000006, 
        0.089999999999999997, 
        0.095000000000000001, 
        0.10000000000000001, 
        0.105, 
        0.11, 
        0.115, 
        0.12, 
        0.125, 
        0.13, 
        0.13500000000000001, 
        0.14000000000000001, 
        0.14499999999999999, 
        0.14999999999999999, 
        0.155, 
        0.16, 
        0.16500000000000001, 
        0.17000000000000001, 
        0.17500000000000002, 
        0.17999999999999999, 
        0.185, 
        0.19, 
        0.19500000000000001, 
        0.20000000000000001, 
        0.20500000000000002, 
        0.20999999999999999, 
        0.215, 
        0.22, 
        0.22500000000000001, 
        0.23000000000000001, 
        0.23500000000000001, 
        0.23999999999999999
    ], 
    "p2_vrijednosti": [
        1, 
        1, 
        1, 
        1, 
        1, 
        1, 
        1, 
        1, 
        1, 
        1, 
        1, 
        1, 
        1, 
        1, 
        1, 
        1, 
        1, 
        1, 
        0.995, 
        0.9099999999999999, 
        0.8399999999999999, 
        0.7749999999999998, 
        0.6999999999999997, 
        0.6349999999999997, 
        0.5999999999999996, 
        0.5599999999999996, 
        0.5099999999999996, 
        0.46999999999999953, 
        0.4449999999999995, 
        0.40499999999999947, 
        0.36999999999999944, 
        0.3399999999999994, 
        0.2999999999999994, 
        0.28499999999999936, 
        0.25499999999999934, 
        0.22999999999999932, 
        0.2049999999999993, 
        0.1999999999999993, 
        0.17999999999999927, 
        0.15999999999999925, 
        0.13499999999999923, 
        0.1049999999999992, 
        0.0949999999999992, 
        0.07499999999999918, 
        0.06999999999999917, 
        0.05999999999999917, 
        0.03999999999999918, 
        0.034999999999999185, 
        0.01999999999999918
    ]
}