{
    "p1_vrijednosti": [
        0.0, 
        0.0050000000000000001, 
        0.01, 
        0.014999999999999999, 
        0.02, 
        0.025000000000000001, 
        0.029999999999999999, 
        0.035000000000000003, 
        0.040000000000000001, 
        0.044999999999999998, 
        0.050000000000000003, 
        0.055, 
        0.059999999999999998, 
        0.065000000000000002, 
        0.070000000000000007, 
        0.074999999999999997, 
        0.080000000000000002, 
        0.085000000000000006, 
        0.089999999999999997, 
        0.095000000000000001, 
        0.10000000000000001, 
        0.105, 
        0.11, 
        0.115, 
        0.12, 
        0.125, 
        0.13, 
        0.13500000000000001, 
        0.14000000000000001, 
        0.14499999999999999, 
        0.14999999999999999, 
        0.155, 
        0.16, 
        0.16500000000000001, 
        0.17000000000000001, 
        0.17500000000000002, 
        0.17999999999999999, 
        0.185, 
        0.19, 
        0.19500000000000001, 
        0.20000000000000001, 
        0.20500000000000002, 
        0.20999999999999999, 
        0.215, 
        0.22, 
        0.22500000000000001, 
        0.23000000000000001, 
        0.23500000000000001, 
        0.23999999999999999, 
        0.245, 
        0.25, 
        0.255, 
        0.26000000000000001, 
        0.26500000000000001, 
        0.27000000000000002, 
        0.27500000000000002, 
        0.28000000000000003, 
        0.28500000000000003, 
        0.28999999999999998, 
        0.29499999999999998, 
        0.29999999999999999, 
        0.30499999999999999, 
        0.31, 
        0.315, 
        0.32000000000000001, 
        0.32500000000000001, 
        0.33000000000000002, 
        0.33500000000000002, 
        0.34000000000000002, 
        0.34500000000000003, 
        0.35000000000000003, 
        0.35499999999999998, 
        0.35999999999999999, 
        0.36499999999999999, 
        0.37, 
        0.375, 
        0.38, 
        0.38500000000000001, 
        0.39000000000000001, 
        0.39500000000000002, 
        0.40000000000000002, 
        0.40500000000000003, 
        0.41000000000000003, 
        0.41500000000000004, 
        0.41999999999999998, 
        0.42499999999999999, 
        0.42999999999999999, 
        0.435, 
        0.44, 
        0.44500000000000001, 
        0.45000000000000001, 
        0.45500000000000002, 
        0.46000000000000002
    ], 
    "p2_vrijednosti": [
        1, 
        1, 
        1, 
        1, 
        1, 
        1, 
        1, 
        1, 
        1, 
        1, 
        1, 
        1, 
        1, 
        1, 
        1, 
        1, 
        1, 
        1, 
        1, 
        1, 
        1, 
        1, 
        1, 
        1, 
        1, 
        1, 
        1, 
        1, 
        1, 
        1, 
        1, 
        1, 
        1, 
        1, 
        1, 
        1, 
        1, 
        1, 
        1, 
        1, 
        1, 
        0.9249999999999999, 
        0.8999999999999999, 
        0.8649999999999999, 
        0.8249999999999998, 
        0.7849999999999998, 
        0.7499999999999998, 
        0.7149999999999997, 
        0.6949999999999997, 
        0.6749999999999997, 
        0.6299999999999997, 
        0.6149999999999997, 
        0.6049999999999996, 
        0.5549999999999996, 
        0.5499999999999996, 
        0.5249999999999996, 
        0.47999999999999954, 
        0.47499999999999953, 
        0.4399999999999995, 
        0.4349999999999995, 
        0.39999999999999947, 
        0.39999999999999947, 
        0.37499999999999944, 
        0.3549999999999994, 
        0.3349999999999994, 
        0.3199999999999994, 
        0.3099999999999994, 
        0.2949999999999994, 
        0.27499999999999936, 
        0.26999999999999935, 
        0.23999999999999932, 
        0.2249999999999993, 
        0.2099999999999993, 
        0.1999999999999993, 
        0.18999999999999928, 
        0.17499999999999927, 
        0.16499999999999926, 
        0.14499999999999924, 
        0.14499999999999924, 
        0.11999999999999922, 
        0.10999999999999921, 
        0.10999999999999921, 
        0.10999999999999921, 
        0.08999999999999919, 
        0.07999999999999918, 
        0.06999999999999917, 
        0.06499999999999917, 
        0.05999999999999917, 
        0.04499999999999918, 
        0.024999999999999183, 
        0.01999999999999918, 
        0.00499999999999918, 
        0.00499999999999918
    ]
}