{
    "p1_vrijednosti": [
        0.0,
        0.005,
        0.01,
        0.015,
        0.02,
        0.025,
        0.03,
        0.035,
        0.04,
        0.045,
        0.05,
        0.055,
        0.06,
        0.065,
        0.07,
        0.075,
        0.08,
        0.085,
        0.09,
        0.095,
        0.1,
        0.105,
        0.11,
        0.115,
        0.12,
        0.125,
        0.13,
        0.135,
        0.14,
        0.145,
        0.15,
        0.155,
        0.16,
        0.165,
        0.17,
        0.17500000000000002,
        0.18,
        0.185,
        0.19,
        0.195,
        0.2,
        0.20500000000000002,
        0.21,
        0.215,
        0.22,
        0.225,
        0.23,
        0.23500000000000001,
        0.24
    ],
    "p2_vrijednosti": [
        1,
        1,
        1,
        1,
        1,
        1,
        1,
        1,
        1,
        1,
        1,
        1,
        1,
        1,
        1,
        1,
        1,
        1,
        0.98,
        0.8999999999999999,
        0.8249999999999998,
        0.7549999999999998,
        0.6949999999999997,
        0.6549999999999997,
        0.6149999999999997,
        0.5799999999999996,
        0.49499999999999955,
        0.4549999999999995,
        0.4499999999999995,
        0.38499999999999945,
        0.3499999999999994,
        0.3349999999999994,
        0.3199999999999994,
        0.27499999999999936,
        0.27499999999999936,
        0.24499999999999933,
        0.2149999999999993,
        0.18499999999999928,
        0.15999999999999925,
        0.14499999999999924,
        0.13999999999999924,
        0.11999999999999922,
        0.1049999999999992,
        0.0949999999999992,
        0.06999999999999917,
        0.054999999999999175,
        0.03999999999999918,
        0.029999999999999184,
        0.01499999999999918
    ]
}