{
    "p1_vrijednosti": [
        0.0,
        0.005,
        0.01,
        0.015,
        0.02,
        0.025,
        0.03,
        0.035,
        0.04,
        0.045,
        0.05,
        0.055,
        0.06,
        0.065,
        0.07,
        0.075,
        0.08,
        0.085,
        0.09,
        0.095,
        0.1,
        0.105,
        0.11,
        0.115,
        0.12,
        0.125,
        0.13,
        0.135,
        0.14,
        0.145,
        0.15,
        0.155,
        0.16,
        0.165,
        0.17,
        0.17500000000000002,
        0.18,
        0.185,
        0.19,
        0.195,
        0.2,
        0.20500000000000002,
        0.21,
        0.215,
        0.22,
        0.225,
        0.23,
        0.23500000000000001,
        0.24,
        0.245,
        0.25,
        0.255,
        0.26,
        0.265,
        0.27,
        0.275,
        0.28,
        0.28500000000000003,
        0.29,
        0.295,
        0.3,
        0.305,
        0.31,
        0.315
    ],
    "p2_vrijednosti": [
        1,
        1,
        1,
        1,
        1,
        1,
        1,
        1,
        1,
        1,
        1,
        1,
        1,
        1,
        1,
        1,
        1,
        1,
        1,
        1,
        1,
        1,
        1,
        1,
        0.965,
        0.94,
        0.8449999999999999,
        0.7749999999999998,
        0.7299999999999998,
        0.6699999999999997,
        0.6549999999999997,
        0.6199999999999997,
        0.5699999999999996,
        0.5299999999999996,
        0.48499999999999954,
        0.47499999999999953,
        0.4399999999999995,
        0.4199999999999995,
        0.38499999999999945,
        0.3549999999999994,
        0.3299999999999994,
        0.3199999999999994,
        0.28999999999999937,
        0.28999999999999937,
        0.25999999999999934,
        0.24499999999999933,
        0.2149999999999993,
        0.2099999999999993,
        0.18999999999999928,
        0.18499999999999928,
        0.15999999999999925,
        0.13999999999999924,
        0.11499999999999921,
        0.11499999999999921,
        0.10999999999999921,
        0.10999999999999921,
        0.07999999999999918,
        0.07499999999999918,
        0.054999999999999175,
        0.034999999999999185,
        0.034999999999999185,
        0.034999999999999185,
        0.00999999999999918,
        0.00499999999999918
    ]
}