{
    "p1_vrijednosti": [
        0.0,
        0.005,
        0.01,
        0.015,
        0.02,
        0.025,
        0.03,
        0.035,
        0.04,
        0.045,
        0.05,
        0.055,
        0.06,
        0.065,
        0.07,
        0.075,
        0.08,
        0.085,
        0.09,
        0.095,
        0.1,
        0.105,
        0.11,
        0.115,
        0.12,
        0.125,
        0.13,
        0.135,
        0.14,
        0.145,
        0.15,
        0.155,
        0.16,
        0.165,
        0.17,
        0.17500000000000002,
        0.18,
        0.185,
        0.19,
        0.195,
        0.2,
        0.20500000000000002,
        0.21,
        0.215,
        0.22,
        0.225,
        0.23,
        0.23500000000000001,
        0.24,
        0.245,
        0.25,
        0.255,
        0.26,
        0.265,
        0.27,
        0.275,
        0.28,
        0.28500000000000003,
        0.29,
        0.295,
        0.3,
        0.305,
        0.31,
        0.315,
        0.32,
        0.325,
        0.33,
        0.335,
        0.34,
        0.34500000000000003,
        0.35000000000000003,
        0.355,
        0.36,
        0.365,
        0.37,
        0.375,
        0.38,
        0.385,
        0.39,
        0.395,
        0.4,
        0.405,
        0.41000000000000003,
        0.41500000000000004,
        0.42,
        0.425,
        0.43,
        0.435,
        0.44,
        0.445,
        0.45,
        0.455,
        0.46,
        0.465,
        0.47000000000000003,
        0.47500000000000003,
        0.48,
        0.485,
        0.49,
        0.495,
        0.5,
        0.505,
        0.51,
        0.515,
        0.52,
        0.525,
        0.53,
        0.535,
        0.54,
        0.545,
        0.55,
        0.555,
        0.56,
        0.5650000000000001,
        0.5700000000000001,
        0.5750000000000001,
        0.58,
        0.585
    ],
    "p2_vrijednosti": [
        1,
        1,
        1,
        1,
        1,
        1,
        1,
        1,
        1,
        1,
        1,
        1,
        1,
        1,
        1,
        1,
        1,
        1,
        1,
        1,
        1,
        1,
        1,
        1,
        1,
        1,
        1,
        1,
        1,
        1,
        1,
        1,
        1,
        1,
        1,
        1,
        1,
        1,
        1,
        1,
        1,
        1,
        1,
        1,
        1,
        1,
        1,
        1,
        1,
        1,
        1,
        1,
        1,
        1,
        1,
        1,
        1,
        1,
        1,
        1,
        1,
        1,
        1,
        1,
        0.995,
        0.995,
        0.94,
        0.9049999999999999,
        0.8799999999999999,
        0.8249999999999998,
        0.8249999999999998,
        0.7999999999999998,
        0.7849999999999998,
        0.7399999999999998,
        0.6999999999999997,
        0.6849999999999997,
        0.6699999999999997,
        0.6249999999999997,
        0.6149999999999997,
        0.5899999999999996,
        0.5649999999999996,
        0.5449999999999996,
        0.5349999999999996,
        0.49999999999999956,
        0.48999999999999955,
        0.4549999999999995,
        0.4449999999999995,
        0.4449999999999995,
        0.40499999999999947,
        0.39499999999999946,
        0.37999999999999945,
        0.35999999999999943,
        0.3299999999999994,
        0.3299999999999994,
        0.3099999999999994,
        0.2999999999999994,
        0.28499999999999936,
        0.24499999999999933,
        0.23499999999999932,
        0.22999999999999932,
        0.22999999999999932,
        0.1999999999999993,
        0.18499999999999928,
        0.16999999999999926,
        0.16499999999999926,
        0.13499999999999923,
        0.13499999999999923,
        0.11499999999999921,
        0.11499999999999921,
        0.11499999999999921,
        0.1049999999999992,
        0.1049999999999992,
        0.05999999999999917,
        0.04999999999999918,
        0.04499999999999918,
        0.04499999999999918,
        0.00999999999999918,
        0
    ]
}