{
    "p1_vrijednosti": [
        0.0,
        0.005,
        0.01,
        0.015,
        0.02,
        0.025,
        0.03,
        0.035,
        0.04,
        0.045,
        0.05,
        0.055,
        0.06,
        0.065,
        0.07,
        0.075,
        0.08,
        0.085,
        0.09,
        0.095,
        0.1,
        0.105,
        0.11,
        0.115,
        0.12,
        0.125,
        0.13,
        0.135,
        0.14,
        0.145,
        0.15,
        0.155,
        0.16,
        0.165,
        0.17,
        0.17500000000000002,
        0.18,
        0.185,
        0.19,
        0.195,
        0.2,
        0.20500000000000002,
        0.21,
        0.215,
        0.22,
        0.225,
        0.23,
        0.23500000000000001,
        0.24,
        0.245
    ],
    "p2_vrijednosti": [
        1,
        1,
        1,
        1,
        1,
        1,
        1,
        1,
        1,
        1,
        1,
        1,
        1,
        1,
        1,
        1,
        1,
        1,
        0.985,
        0.8949999999999999,
        0.8249999999999998,
        0.7499999999999998,
        0.6999999999999997,
        0.6649999999999997,
        0.5899999999999996,
        0.5799999999999996,
        0.49999999999999956,
        0.4599999999999995,
        0.4399999999999995,
        0.39999999999999947,
        0.3499999999999994,
        0.3199999999999994,
        0.3049999999999994,
        0.26499999999999935,
        0.24999999999999933,
        0.23999999999999932,
        0.2149999999999993,
        0.19499999999999929,
        0.15499999999999925,
        0.14999999999999925,
        0.12999999999999923,
        0.10999999999999921,
        0.0999999999999992,
        0.0949999999999992,
        0.07499999999999918,
        0.04999999999999918,
        0.04499999999999918,
        0.024999999999999183,
        0.00999999999999918,
        0.00999999999999918
    ]
}