{
    "p1_vrijednosti": [
        0.0, 
        0.0050000000000000001, 
        0.01
    ], 
    "p2_vrijednosti": [
        0.9149999999999999, 
        0.9149999999999999, 
        0.12499999999999922
    ]
}