{
    "p1_vrijednosti": [
        0.0, 
        0.0050000000000000001, 
        0.01, 
        0.014999999999999999, 
        0.02, 
        0.025000000000000001, 
        0.029999999999999999, 
        0.035000000000000003, 
        0.040000000000000001, 
        0.044999999999999998, 
        0.050000000000000003, 
        0.055, 
        0.059999999999999998, 
        0.065000000000000002, 
        0.070000000000000007, 
        0.074999999999999997, 
        0.080000000000000002, 
        0.085000000000000006, 
        0.089999999999999997, 
        0.095000000000000001, 
        0.10000000000000001, 
        0.105, 
        0.11, 
        0.115, 
        0.12, 
        0.125, 
        0.13, 
        0.13500000000000001, 
        0.14000000000000001, 
        0.14499999999999999, 
        0.14999999999999999, 
        0.155, 
        0.16, 
        0.16500000000000001, 
        0.17000000000000001, 
        0.17500000000000002, 
        0.17999999999999999, 
        0.185, 
        0.19, 
        0.19500000000000001, 
        0.20000000000000001
    ], 
    "p2_vrijednosti": [
        1, 
        0.985, 
        0.985, 
        0.985, 
        0.985, 
        0.975, 
        0.945, 
        0.945, 
        0.945, 
        0.945, 
        0.9149999999999999, 
        0.9149999999999999, 
        0.9149999999999999, 
        0.9149999999999999, 
        0.9149999999999999, 
        0.8599999999999999, 
        0.8349999999999999, 
        0.7999999999999998, 
        0.4599999999999995, 
        0.38999999999999946, 
        0.37499999999999944, 
        0.35999999999999943, 
        0.3549999999999994, 
        0.3249999999999994, 
        0.26999999999999935, 
        0.26999999999999935, 
        0.26499999999999935, 
        0.25999999999999934, 
        0.22999999999999932, 
        0.2049999999999993, 
        0.19499999999999929, 
        0.19499999999999929, 
        0.13499999999999923, 
        0.12499999999999922, 
        0.01499999999999918, 
        0.00999999999999918, 
        0.00999999999999918, 
        0.00999999999999918, 
        0.00999999999999918, 
        0.00999999999999918, 
        0.00499999999999918
    ]
}