{
    "p1_vrijednosti": [
        0.0, 
        0.0050000000000000001
    ], 
    "p2_vrijednosti": [
        0.8649999999999999, 
        0.7949999999999998
    ]
}