{
    "p1_vrijednosti": [
        0.0, 
        0.0050000000000000001, 
        0.01, 
        0.014999999999999999, 
        0.02, 
        0.025000000000000001, 
        0.029999999999999999, 
        0.035000000000000003, 
        0.040000000000000001, 
        0.044999999999999998, 
        0.050000000000000003, 
        0.055, 
        0.059999999999999998, 
        0.065000000000000002, 
        0.070000000000000007, 
        0.074999999999999997, 
        0.080000000000000002, 
        0.085000000000000006, 
        0.089999999999999997, 
        0.095000000000000001, 
        0.10000000000000001, 
        0.105, 
        0.11, 
        0.115, 
        0.12, 
        0.125, 
        0.13, 
        0.13500000000000001, 
        0.14000000000000001, 
        0.14499999999999999, 
        0.14999999999999999, 
        0.155, 
        0.16, 
        0.16500000000000001, 
        0.17000000000000001, 
        0.17500000000000002, 
        0.17999999999999999, 
        0.185, 
        0.19, 
        0.19500000000000001, 
        0.20000000000000001, 
        0.20500000000000002, 
        0.20999999999999999, 
        0.215, 
        0.22, 
        0.22500000000000001, 
        0.23000000000000001, 
        0.23500000000000001, 
        0.23999999999999999, 
        0.245, 
        0.25, 
        0.255, 
        0.26000000000000001, 
        0.26500000000000001, 
        0.27000000000000002, 
        0.27500000000000002, 
        0.28000000000000003, 
        0.28500000000000003, 
        0.28999999999999998, 
        0.29499999999999998, 
        0.29999999999999999, 
        0.30499999999999999, 
        0.31, 
        0.315, 
        0.32000000000000001
    ], 
    "p2_vrijednosti": [
        1, 
        1, 
        1, 
        1, 
        1, 
        1, 
        1, 
        1, 
        1, 
        1, 
        1, 
        1, 
        1, 
        1, 
        1, 
        1, 
        1, 
        1, 
        1, 
        1, 
        1, 
        1, 
        1, 
        0.985, 
        0.98, 
        0.9299999999999999, 
        0.7899999999999998, 
        0.7599999999999998, 
        0.7349999999999998, 
        0.6699999999999997, 
        0.6249999999999997, 
        0.5999999999999996, 
        0.5849999999999996, 
        0.5199999999999996, 
        0.49499999999999955, 
        0.47999999999999954, 
        0.4299999999999995, 
        0.39499999999999946, 
        0.36499999999999944, 
        0.3549999999999994, 
        0.3349999999999994, 
        0.2999999999999994, 
        0.28999999999999937, 
        0.27999999999999936, 
        0.24499999999999933, 
        0.24499999999999933, 
        0.2199999999999993, 
        0.1999999999999993, 
        0.16999999999999926, 
        0.16999999999999926, 
        0.15499999999999925, 
        0.12999999999999923, 
        0.11499999999999921, 
        0.1049999999999992, 
        0.08999999999999919, 
        0.07999999999999918, 
        0.07999999999999918, 
        0.06499999999999917, 
        0.05999999999999917, 
        0.03999999999999918, 
        0.034999999999999185, 
        0.024999999999999183, 
        0.00499999999999918, 
        0, 
        0
    ]
}