{
    "p1_vrijednosti": [
        0.0, 
        0.0050000000000000001, 
        0.01, 
        0.014999999999999999, 
        0.02, 
        0.025000000000000001, 
        0.029999999999999999, 
        0.035000000000000003, 
        0.040000000000000001, 
        0.044999999999999998, 
        0.050000000000000003, 
        0.055, 
        0.059999999999999998, 
        0.065000000000000002, 
        0.070000000000000007, 
        0.074999999999999997, 
        0.080000000000000002, 
        0.085000000000000006, 
        0.089999999999999997, 
        0.095000000000000001, 
        0.10000000000000001, 
        0.105, 
        0.11, 
        0.115, 
        0.12, 
        0.125, 
        0.13, 
        0.13500000000000001, 
        0.14000000000000001, 
        0.14499999999999999, 
        0.14999999999999999, 
        0.155, 
        0.16, 
        0.16500000000000001, 
        0.17000000000000001, 
        0.17500000000000002, 
        0.17999999999999999, 
        0.185, 
        0.19, 
        0.19500000000000001, 
        0.20000000000000001, 
        0.20500000000000002, 
        0.20999999999999999, 
        0.215, 
        0.22, 
        0.22500000000000001, 
        0.23000000000000001, 
        0.23500000000000001, 
        0.23999999999999999, 
        0.245, 
        0.25, 
        0.255, 
        0.26000000000000001
    ], 
    "p2_vrijednosti": [
        1, 
        1, 
        0.98, 
        0.98, 
        0.98, 
        0.9099999999999999, 
        0.9049999999999999, 
        0.9049999999999999, 
        0.9049999999999999, 
        0.9049999999999999, 
        0.9049999999999999, 
        0.9049999999999999, 
        0.9049999999999999, 
        0.9049999999999999, 
        0.9049999999999999, 
        0.8899999999999999, 
        0.8849999999999999, 
        0.8799999999999999, 
        0.8649999999999999, 
        0.8399999999999999, 
        0.8249999999999998, 
        0.8249999999999998, 
        0.7149999999999997, 
        0.7049999999999997, 
        0.5749999999999996, 
        0.5149999999999996, 
        0.46999999999999953, 
        0.4599999999999995, 
        0.4299999999999995, 
        0.40499999999999947, 
        0.40499999999999947, 
        0.39999999999999947, 
        0.3449999999999994, 
        0.28999999999999937, 
        0.25999999999999934, 
        0.25499999999999934, 
        0.24999999999999933, 
        0.22999999999999932, 
        0.22999999999999932, 
        0.18999999999999928, 
        0.18999999999999928, 
        0.16999999999999926, 
        0.16999999999999926, 
        0.14999999999999925, 
        0.14499999999999924, 
        0.11999999999999922, 
        0.0999999999999992, 
        0.07999999999999918, 
        0.054999999999999175, 
        0.054999999999999175, 
        0.054999999999999175, 
        0.054999999999999175, 
        0.01999999999999918
    ]
}