{
    "p1_vrijednosti": [
        0.0, 
        0.0050000000000000001, 
        0.01, 
        0.014999999999999999, 
        0.02, 
        0.025000000000000001, 
        0.029999999999999999, 
        0.035000000000000003, 
        0.040000000000000001, 
        0.044999999999999998, 
        0.050000000000000003, 
        0.055, 
        0.059999999999999998, 
        0.065000000000000002, 
        0.070000000000000007, 
        0.074999999999999997, 
        0.080000000000000002, 
        0.085000000000000006, 
        0.089999999999999997, 
        0.095000000000000001, 
        0.10000000000000001, 
        0.105, 
        0.11, 
        0.115, 
        0.12, 
        0.125, 
        0.13, 
        0.13500000000000001, 
        0.14000000000000001, 
        0.14499999999999999, 
        0.14999999999999999, 
        0.155, 
        0.16, 
        0.16500000000000001, 
        0.17000000000000001, 
        0.17500000000000002, 
        0.17999999999999999, 
        0.185, 
        0.19, 
        0.19500000000000001, 
        0.20000000000000001, 
        0.20500000000000002, 
        0.20999999999999999, 
        0.215, 
        0.22, 
        0.22500000000000001, 
        0.23000000000000001, 
        0.23500000000000001, 
        0.23999999999999999, 
        0.245
    ], 
    "p2_vrijednosti": [
        1, 
        1, 
        1, 
        1, 
        1, 
        1, 
        1, 
        1, 
        1, 
        1, 
        1, 
        1, 
        1, 
        1, 
        1, 
        1, 
        1, 
        1, 
        0.955, 
        0.8649999999999999, 
        0.7999999999999998, 
        0.7499999999999998, 
        0.6699999999999997, 
        0.6349999999999997, 
        0.6099999999999997, 
        0.5399999999999996, 
        0.49499999999999955, 
        0.4499999999999995, 
        0.39999999999999947, 
        0.37499999999999944, 
        0.3449999999999994, 
        0.3149999999999994, 
        0.2949999999999994, 
        0.26499999999999935, 
        0.23499999999999932, 
        0.2199999999999993, 
        0.2099999999999993, 
        0.18499999999999928, 
        0.16499999999999926, 
        0.14999999999999925, 
        0.11499999999999921, 
        0.11499999999999921, 
        0.08999999999999919, 
        0.08499999999999919, 
        0.06999999999999917, 
        0.04999999999999918, 
        0.034999999999999185, 
        0.034999999999999185, 
        0.00499999999999918, 
        0.00499999999999918
    ]
}