{
    "p1_vrijednosti": [
        0.0, 
        0.0050000000000000001, 
        0.01, 
        0.014999999999999999, 
        0.02, 
        0.025000000000000001, 
        0.029999999999999999, 
        0.035000000000000003, 
        0.040000000000000001, 
        0.044999999999999998, 
        0.050000000000000003, 
        0.055, 
        0.059999999999999998, 
        0.065000000000000002, 
        0.070000000000000007, 
        0.074999999999999997, 
        0.080000000000000002, 
        0.085000000000000006, 
        0.089999999999999997, 
        0.095000000000000001, 
        0.10000000000000001, 
        0.105, 
        0.11, 
        0.115, 
        0.12, 
        0.125, 
        0.13, 
        0.13500000000000001, 
        0.14000000000000001, 
        0.14499999999999999, 
        0.14999999999999999, 
        0.155, 
        0.16, 
        0.16500000000000001, 
        0.17000000000000001, 
        0.17500000000000002, 
        0.17999999999999999, 
        0.185, 
        0.19, 
        0.19500000000000001, 
        0.20000000000000001, 
        0.20500000000000002, 
        0.20999999999999999, 
        0.215, 
        0.22, 
        0.22500000000000001
    ], 
    "p2_vrijednosti": [
        1, 
        1, 
        0.995, 
        0.985, 
        0.985, 
        0.985, 
        0.985, 
        0.985, 
        0.965, 
        0.95, 
        0.95, 
        0.945, 
        0.8899999999999999, 
        0.8899999999999999, 
        0.8899999999999999, 
        0.8499999999999999, 
        0.7599999999999998, 
        0.7299999999999998, 
        0.6899999999999997, 
        0.5899999999999996, 
        0.5799999999999996, 
        0.5699999999999996, 
        0.5249999999999996, 
        0.5099999999999996, 
        0.49999999999999956, 
        0.46999999999999953, 
        0.3249999999999994, 
        0.3199999999999994, 
        0.3199999999999994, 
        0.26999999999999935, 
        0.24999999999999933, 
        0.24499999999999933, 
        0.19499999999999929, 
        0.18499999999999928, 
        0.16499999999999926, 
        0.16499999999999926, 
        0.16499999999999926, 
        0.07499999999999918, 
        0.07499999999999918, 
        0.06499999999999917, 
        0.06499999999999917, 
        0.06499999999999917, 
        0.03999999999999918, 
        0.034999999999999185, 
        0.01999999999999918, 
        0.01499999999999918
    ]
}