{
    "p1_vrijednosti": [
        0.0, 
        0.0050000000000000001
    ], 
    "p2_vrijednosti": [
        0.6699999999999997, 
        0.6499999999999997
    ]
}