{
    "p1_vrijednosti": [
        0.0, 
        0.0050000000000000001, 
        0.01, 
        0.014999999999999999, 
        0.02
    ], 
    "p2_vrijednosti": [
        1, 
        1, 
        0.99, 
        0.975, 
        0.8599999999999999
    ]
}