{
    "p1_vrijednosti": [
        0.0, 
        0.0050000000000000001, 
        0.01, 
        0.014999999999999999, 
        0.02, 
        0.025000000000000001, 
        0.029999999999999999, 
        0.035000000000000003, 
        0.040000000000000001, 
        0.044999999999999998, 
        0.050000000000000003, 
        0.055, 
        0.059999999999999998, 
        0.065000000000000002, 
        0.070000000000000007, 
        0.074999999999999997, 
        0.080000000000000002, 
        0.085000000000000006, 
        0.089999999999999997, 
        0.095000000000000001, 
        0.10000000000000001, 
        0.105, 
        0.11, 
        0.115, 
        0.12, 
        0.125, 
        0.13, 
        0.13500000000000001, 
        0.14000000000000001, 
        0.14499999999999999, 
        0.14999999999999999, 
        0.155, 
        0.16, 
        0.16500000000000001, 
        0.17000000000000001, 
        0.17500000000000002, 
        0.17999999999999999, 
        0.185, 
        0.19, 
        0.19500000000000001, 
        0.20000000000000001, 
        0.20500000000000002, 
        0.20999999999999999, 
        0.215, 
        0.22, 
        0.22500000000000001, 
        0.23000000000000001, 
        0.23500000000000001, 
        0.23999999999999999, 
        0.245, 
        0.25, 
        0.255, 
        0.26000000000000001, 
        0.26500000000000001, 
        0.27000000000000002, 
        0.27500000000000002, 
        0.28000000000000003, 
        0.28500000000000003, 
        0.28999999999999998
    ], 
    "p2_vrijednosti": [
        1, 
        1, 
        1, 
        1, 
        1, 
        1, 
        1, 
        1, 
        1, 
        1, 
        1, 
        1, 
        1, 
        1, 
        1, 
        1, 
        1, 
        1, 
        1, 
        0.97, 
        0.97, 
        0.9349999999999999, 
        0.8349999999999999, 
        0.8099999999999998, 
        0.7899999999999998, 
        0.7699999999999998, 
        0.5849999999999996, 
        0.5799999999999996, 
        0.5799999999999996, 
        0.5099999999999996, 
        0.48999999999999955, 
        0.47999999999999954, 
        0.47499999999999953, 
        0.47499999999999953, 
        0.39499999999999946, 
        0.36999999999999944, 
        0.3299999999999994, 
        0.2949999999999994, 
        0.27999999999999936, 
        0.27499999999999936, 
        0.23499999999999932, 
        0.2249999999999993, 
        0.2199999999999993, 
        0.18999999999999928, 
        0.18499999999999928, 
        0.16499999999999926, 
        0.11999999999999922, 
        0.11999999999999922, 
        0.11999999999999922, 
        0.11999999999999922, 
        0.0949999999999992, 
        0.0949999999999992, 
        0.08499999999999919, 
        0.04499999999999918, 
        0.04499999999999918, 
        0.029999999999999184, 
        0.029999999999999184, 
        0.024999999999999183, 
        0.00999999999999918
    ]
}