{
    "p1_vrijednosti": [
        0.0, 
        0.0050000000000000001
    ], 
    "p2_vrijednosti": [
        0.97, 
        0.8699999999999999
    ]
}