{
    "p1_vrijednosti": [
        0.0,
        0.005,
        0.01,
        0.015,
        0.02,
        0.025,
        0.03,
        0.035,
        0.04,
        0.045,
        0.05,
        0.055,
        0.06,
        0.065,
        0.07,
        0.075,
        0.08,
        0.085,
        0.09,
        0.095,
        0.1,
        0.105,
        0.11,
        0.115,
        0.12,
        0.125,
        0.13,
        0.135,
        0.14,
        0.145,
        0.15,
        0.155,
        0.16,
        0.165,
        0.17,
        0.17500000000000002,
        0.18,
        0.185,
        0.19,
        0.195,
        0.2,
        0.20500000000000002,
        0.21,
        0.215,
        0.22,
        0.225,
        0.23,
        0.23500000000000001,
        0.24,
        0.245,
        0.25,
        0.255,
        0.26,
        0.265,
        0.27,
        0.275,
        0.28,
        0.28500000000000003,
        0.29,
        0.295,
        0.3,
        0.305,
        0.31,
        0.315,
        0.32,
        0.325,
        0.33,
        0.335,
        0.34,
        0.34500000000000003,
        0.35000000000000003,
        0.355,
        0.36,
        0.365,
        0.37,
        0.375,
        0.38,
        0.385,
        0.39,
        0.395,
        0.4,
        0.405,
        0.41000000000000003,
        0.41500000000000004,
        0.42,
        0.425,
        0.43,
        0.435,
        0.44,
        0.445,
        0.45,
        0.455,
        0.46,
        0.465,
        0.47000000000000003,
        0.47500000000000003,
        0.48,
        0.485,
        0.49,
        0.495,
        0.5,
        0.505,
        0.51,
        0.515,
        0.52,
        0.525,
        0.53,
        0.535,
        0.54,
        0.545,
        0.55,
        0.555,
        0.56,
        0.5650000000000001,
        0.5700000000000001,
        0.5750000000000001,
        0.58
    ],
    "p2_vrijednosti": [
        1,
        1,
        1,
        1,
        1,
        1,
        1,
        1,
        1,
        1,
        1,
        1,
        1,
        1,
        1,
        1,
        1,
        1,
        1,
        1,
        1,
        1,
        1,
        1,
        1,
        1,
        1,
        1,
        1,
        1,
        1,
        1,
        1,
        0.99,
        0.7099999999999997,
        0.5699999999999996,
        0.46999999999999953,
        0.36999999999999944,
        0.3099999999999994,
        0.27499999999999936,
        0.23999999999999932,
        0.2049999999999993,
        0.2049999999999993,
        0.17499999999999927,
        0.17499999999999927,
        0.14499999999999924,
        0.14499999999999924,
        0.13499999999999923,
        0.12499999999999922,
        0.11499999999999921,
        0.10999999999999921,
        0.1049999999999992,
        0.0949999999999992,
        0.0949999999999992,
        0.0949999999999992,
        0.08999999999999919,
        0.07999999999999918,
        0.07999999999999918,
        0.07499999999999918,
        0.06999999999999917,
        0.06499999999999917,
        0.06499999999999917,
        0.06499999999999917,
        0.05999999999999917,
        0.05999999999999917,
        0.054999999999999175,
        0.054999999999999175,
        0.04999999999999918,
        0.04499999999999918,
        0.04499999999999918,
        0.04499999999999918,
        0.04499999999999918,
        0.03999999999999918,
        0.034999999999999185,
        0.034999999999999185,
        0.034999999999999185,
        0.034999999999999185,
        0.034999999999999185,
        0.034999999999999185,
        0.029999999999999184,
        0.029999999999999184,
        0.024999999999999183,
        0.024999999999999183,
        0.024999999999999183,
        0.024999999999999183,
        0.01999999999999918,
        0.01999999999999918,
        0.01999999999999918,
        0.01999999999999918,
        0.01999999999999918,
        0.01999999999999918,
        0.01499999999999918,
        0.01499999999999918,
        0.01499999999999918,
        0.01499999999999918,
        0.01499999999999918,
        0.01499999999999918,
        0.01499999999999918,
        0.00999999999999918,
        0.00999999999999918,
        0.00999999999999918,
        0.00999999999999918,
        0.00999999999999918,
        0.00999999999999918,
        0.00499999999999918,
        0.00499999999999918,
        0.00499999999999918,
        0.00499999999999918,
        0.00499999999999918,
        0.00499999999999918,
        0.00499999999999918,
        0.00499999999999918,
        0.00499999999999918,
        0.00499999999999918,
        0.00499999999999918,
        0.00499999999999918,
        0.00499999999999918
    ]
}