{
    "p1_vrijednosti": [
        0.0,
        0.005,
        0.01,
        0.015,
        0.02,
        0.025,
        0.03,
        0.035,
        0.04,
        0.045,
        0.05,
        0.055,
        0.06,
        0.065,
        0.07,
        0.075,
        0.08,
        0.085,
        0.09,
        0.095,
        0.1,
        0.105,
        0.11,
        0.115,
        0.12,
        0.125,
        0.13,
        0.135,
        0.14,
        0.145,
        0.15,
        0.155,
        0.16,
        0.165,
        0.17,
        0.17500000000000002,
        0.18,
        0.185,
        0.19,
        0.195,
        0.2,
        0.20500000000000002,
        0.21,
        0.215,
        0.22,
        0.225,
        0.23,
        0.23500000000000001,
        0.24,
        0.245,
        0.25,
        0.255,
        0.26,
        0.265,
        0.27,
        0.275,
        0.28,
        0.28500000000000003,
        0.29,
        0.295,
        0.3,
        0.305,
        0.31,
        0.315,
        0.32,
        0.325,
        0.33,
        0.335,
        0.34,
        0.34500000000000003,
        0.35000000000000003,
        0.355,
        0.36,
        0.365,
        0.37,
        0.375,
        0.38,
        0.385,
        0.39,
        0.395,
        0.4,
        0.405,
        0.41000000000000003,
        0.41500000000000004,
        0.42,
        0.425,
        0.43,
        0.435,
        0.44,
        0.445,
        0.45,
        0.455
    ],
    "p2_vrijednosti": [
        1,
        1,
        1,
        1,
        1,
        1,
        1,
        1,
        1,
        1,
        1,
        1,
        1,
        1,
        1,
        1,
        1,
        1,
        1,
        1,
        1,
        1,
        1,
        1,
        1,
        1,
        1,
        1,
        1,
        1,
        1,
        1,
        1,
        1,
        1,
        1,
        1,
        1,
        1,
        1,
        1,
        1,
        1,
        1,
        1,
        1,
        1,
        1,
        1,
        1,
        1,
        1,
        1,
        1,
        1,
        1,
        1,
        1,
        1,
        1,
        1,
        1,
        1,
        1,
        1,
        1,
        0.9349999999999999,
        0.9049999999999999,
        0.8699999999999999,
        0.7899999999999998,
        0.7599999999999998,
        0.7199999999999998,
        0.6899999999999997,
        0.6399999999999997,
        0.5949999999999996,
        0.5449999999999996,
        0.5299999999999996,
        0.47999999999999954,
        0.4549999999999995,
        0.39499999999999946,
        0.36999999999999944,
        0.3399999999999994,
        0.2999999999999994,
        0.26999999999999935,
        0.23999999999999932,
        0.19499999999999929,
        0.14999999999999925,
        0.13999999999999924,
        0.1049999999999992,
        0.07999999999999918,
        0.04499999999999918,
        0.00999999999999918
    ]
}