{
    "p1_vrijednosti": [
        0.0,
        0.005,
        0.01,
        0.015,
        0.02,
        0.025
    ],
    "p2_vrijednosti": [
        0.17499999999999927,
        0.17499999999999927,
        0.17499999999999927,
        0.16999999999999926,
        0.16499999999999926,
        0.16499999999999926
    ]
}