{
    "p1_vrijednosti": [
        0.0,
        0.005,
        0.01,
        0.015,
        0.02,
        0.025,
        0.03,
        0.035,
        0.04,
        0.045,
        0.05,
        0.055,
        0.06,
        0.065,
        0.07,
        0.075,
        0.08,
        0.085,
        0.09,
        0.095,
        0.1,
        0.105,
        0.11,
        0.115,
        0.12,
        0.125,
        0.13,
        0.135,
        0.14,
        0.145,
        0.15,
        0.155,
        0.16,
        0.165,
        0.17,
        0.17500000000000002,
        0.18
    ],
    "p2_vrijednosti": [
        0.975,
        0.97,
        0.9099999999999999,
        0.8749999999999999,
        0.8749999999999999,
        0.8749999999999999,
        0.7949999999999998,
        0.7949999999999998,
        0.7949999999999998,
        0.7949999999999998,
        0.7949999999999998,
        0.7299999999999998,
        0.7249999999999998,
        0.7249999999999998,
        0.7099999999999997,
        0.6999999999999997,
        0.5349999999999996,
        0.5049999999999996,
        0.5049999999999996,
        0.48999999999999955,
        0.4499999999999995,
        0.2949999999999994,
        0.2949999999999994,
        0.16499999999999926,
        0.11999999999999922,
        0.0949999999999992,
        0.06999999999999917,
        0.06999999999999917,
        0.04499999999999918,
        0.03999999999999918,
        0.034999999999999185,
        0.029999999999999184,
        0.00999999999999918,
        0.00999999999999918,
        0.00499999999999918,
        0,
        0
    ]
}