{
    "p1_vrijednosti": [
        0.0,
        0.005,
        0.01,
        0.015,
        0.02,
        0.025,
        0.03,
        0.035,
        0.04,
        0.045,
        0.05,
        0.055,
        0.06,
        0.065,
        0.07,
        0.075,
        0.08,
        0.085,
        0.09,
        0.095,
        0.1
    ],
    "p2_vrijednosti": [
        0.2999999999999994,
        0.28999999999999937,
        0.25499999999999934,
        0.25499999999999934,
        0.25499999999999934,
        0.25499999999999934,
        0.25499999999999934,
        0.2249999999999993,
        0.19499999999999929,
        0.18499999999999928,
        0.18499999999999928,
        0.11999999999999922,
        0.1049999999999992,
        0.06499999999999917,
        0.06499999999999917,
        0.06499999999999917,
        0.05999999999999917,
        0.034999999999999185,
        0.024999999999999183,
        0.024999999999999183,
        0
    ]
}