{
    "p1_vrijednosti": [
        0.0,
        0.005,
        0.01,
        0.015
    ],
    "p2_vrijednosti": [
        0.955,
        0.955,
        0.47999999999999954,
        0.38999999999999946
    ]
}