{
    "p1_vrijednosti": [
        0.0,
        0.005,
        0.01,
        0.015,
        0.02,
        0.025,
        0.03,
        0.035,
        0.04,
        0.045,
        0.05,
        0.055,
        0.06,
        0.065,
        0.07,
        0.075,
        0.08,
        0.085,
        0.09,
        0.095,
        0.1,
        0.105,
        0.11,
        0.115,
        0.12,
        0.125,
        0.13
    ],
    "p2_vrijednosti": [
        0.985,
        0.8749999999999999,
        0.8749999999999999,
        0.8699999999999999,
        0.8299999999999998,
        0.8199999999999998,
        0.8049999999999998,
        0.7749999999999998,
        0.7749999999999998,
        0.6049999999999996,
        0.47999999999999954,
        0.39999999999999947,
        0.23999999999999932,
        0.19499999999999929,
        0.19499999999999929,
        0.13999999999999924,
        0.10999999999999921,
        0.1049999999999992,
        0.0999999999999992,
        0.05999999999999917,
        0.054999999999999175,
        0.024999999999999183,
        0.024999999999999183,
        0.01999999999999918,
        0.01999999999999918,
        0.01499999999999918,
        0.00999999999999918
    ]
}