{
    "p1_vrijednosti": [
        0.0,
        0.005,
        0.01,
        0.015,
        0.02
    ],
    "p2_vrijednosti": [
        1,
        0.024999999999999183,
        0.024999999999999183,
        0.01499999999999918,
        0.01499999999999918
    ]
}