{
    "p1_vrijednosti": [
        0.0,
        0.005,
        0.01,
        0.015,
        0.02
    ],
    "p2_vrijednosti": [
        0.08999999999999919,
        0.04999999999999918,
        0.04999999999999918,
        0.04499999999999918,
        0.03999999999999918
    ]
}