{
    "p1_vrijednosti": [
        0.0,
        0.005,
        0.01,
        0.015,
        0.02,
        0.025,
        0.03,
        0.035,
        0.04,
        0.045,
        0.05,
        0.055,
        0.06,
        0.065,
        0.07,
        0.075,
        0.08,
        0.085,
        0.09,
        0.095,
        0.1,
        0.105,
        0.11,
        0.115,
        0.12,
        0.125,
        0.13,
        0.135,
        0.14,
        0.145,
        0.15,
        0.155,
        0.16,
        0.165,
        0.17,
        0.17500000000000002,
        0.18,
        0.185,
        0.19,
        0.195,
        0.2,
        0.20500000000000002,
        0.21,
        0.215,
        0.22,
        0.225,
        0.23,
        0.23500000000000001,
        0.24,
        0.245,
        0.25,
        0.255,
        0.26,
        0.265,
        0.27,
        0.275,
        0.28,
        0.28500000000000003,
        0.29,
        0.295,
        0.3,
        0.305,
        0.31,
        0.315,
        0.32,
        0.325,
        0.33,
        0.335,
        0.34,
        0.34500000000000003,
        0.35000000000000003,
        0.355,
        0.36,
        0.365,
        0.37,
        0.375,
        0.38,
        0.385,
        0.39,
        0.395,
        0.4
    ],
    "p2_vrijednosti": [
        0.4499999999999995,
        0.4499999999999995,
        0.4499999999999995,
        0.4499999999999995,
        0.4499999999999995,
        0.4499999999999995,
        0.4449999999999995,
        0.4299999999999995,
        0.4299999999999995,
        0.4299999999999995,
        0.4299999999999995,
        0.4299999999999995,
        0.4299999999999995,
        0.4299999999999995,
        0.4299999999999995,
        0.4249999999999995,
        0.4249999999999995,
        0.4199999999999995,
        0.4199999999999995,
        0.4199999999999995,
        0.4149999999999995,
        0.4149999999999995,
        0.4099999999999995,
        0.40499999999999947,
        0.38499999999999945,
        0.38499999999999945,
        0.38499999999999945,
        0.38499999999999945,
        0.38499999999999945,
        0.38499999999999945,
        0.37999999999999945,
        0.37999999999999945,
        0.37999999999999945,
        0.37499999999999944,
        0.37499999999999944,
        0.37499999999999944,
        0.36999999999999944,
        0.36999999999999944,
        0.36499999999999944,
        0.35999999999999943,
        0.35999999999999943,
        0.3499999999999994,
        0.3449999999999994,
        0.3299999999999994,
        0.3249999999999994,
        0.3249999999999994,
        0.3249999999999994,
        0.3249999999999994,
        0.3199999999999994,
        0.3199999999999994,
        0.3199999999999994,
        0.3149999999999994,
        0.3149999999999994,
        0.3049999999999994,
        0.3049999999999994,
        0.3049999999999994,
        0.2999999999999994,
        0.2949999999999994,
        0.28999999999999937,
        0.28999999999999937,
        0.28499999999999936,
        0.27999999999999936,
        0.27999999999999936,
        0.27999999999999936,
        0.27999999999999936,
        0.27999999999999936,
        0.22999999999999932,
        0.2099999999999993,
        0.14999999999999925,
        0.14999999999999925,
        0.11499999999999921,
        0.1049999999999992,
        0.07499999999999918,
        0.06999999999999917,
        0.06499999999999917,
        0.06499999999999917,
        0.06499999999999917,
        0.05999999999999917,
        0.034999999999999185,
        0.034999999999999185,
        0.01999999999999918
    ]
}