{
    "p1_vrijednosti": [
        0.0,
        0.005,
        0.01,
        0.015,
        0.02,
        0.025,
        0.03,
        0.035,
        0.04,
        0.045,
        0.05,
        0.055,
        0.06,
        0.065,
        0.07,
        0.075,
        0.08,
        0.085,
        0.09,
        0.095,
        0.1,
        0.105,
        0.11,
        0.115,
        0.12,
        0.125,
        0.13,
        0.135,
        0.14,
        0.145,
        0.15,
        0.155,
        0.16,
        0.165,
        0.17,
        0.17500000000000002,
        0.18,
        0.185,
        0.19,
        0.195,
        0.2,
        0.20500000000000002,
        0.21,
        0.215,
        0.22,
        0.225,
        0.23,
        0.23500000000000001,
        0.24,
        0.245
    ],
    "p2_vrijednosti": [
        1,
        1,
        0.975,
        0.965,
        0.965,
        0.955,
        0.9349999999999999,
        0.9349999999999999,
        0.9249999999999999,
        0.9249999999999999,
        0.8999999999999999,
        0.8999999999999999,
        0.8949999999999999,
        0.8949999999999999,
        0.8949999999999999,
        0.8949999999999999,
        0.8349999999999999,
        0.8349999999999999,
        0.8349999999999999,
        0.8349999999999999,
        0.8249999999999998,
        0.7949999999999998,
        0.7749999999999998,
        0.7599999999999998,
        0.7599999999999998,
        0.7549999999999998,
        0.7549999999999998,
        0.7449999999999998,
        0.7449999999999998,
        0.7449999999999998,
        0.7449999999999998,
        0.7449999999999998,
        0.7449999999999998,
        0.7449999999999998,
        0.7449999999999998,
        0.7299999999999998,
        0.7299999999999998,
        0.7299999999999998,
        0.7249999999999998,
        0.7249999999999998,
        0.7249999999999998,
        0.6999999999999997,
        0.6999999999999997,
        0.6899999999999997,
        0.6849999999999997,
        0.6649999999999997,
        0.5999999999999996,
        0.5999999999999996,
        0.25499999999999934,
        0.25499999999999934
    ]
}