{
    "p1_vrijednosti": [
        0.0,
        0.005,
        0.01,
        0.015,
        0.02,
        0.025,
        0.03,
        0.035,
        0.04,
        0.045
    ],
    "p2_vrijednosti": [
        1,
        0.9099999999999999,
        0.8999999999999999,
        0.8999999999999999,
        0.8999999999999999,
        0.8999999999999999,
        0.8999999999999999,
        0.8999999999999999,
        0.8949999999999999,
        0.8949999999999999
    ]
}