{
    "p1_vrijednosti": [
        0.0,
        0.005,
        0.01,
        0.015,
        0.02,
        0.025,
        0.03,
        0.035,
        0.04,
        0.045,
        0.05,
        0.055,
        0.06,
        0.065,
        0.07,
        0.075,
        0.08,
        0.085,
        0.09,
        0.095,
        0.1,
        0.105,
        0.11,
        0.115,
        0.12,
        0.125,
        0.13,
        0.135,
        0.14,
        0.145,
        0.15,
        0.155,
        0.16,
        0.165,
        0.17,
        0.17500000000000002,
        0.18,
        0.185,
        0.19,
        0.195,
        0.2,
        0.20500000000000002,
        0.21,
        0.215,
        0.22,
        0.225,
        0.23,
        0.23500000000000001,
        0.24,
        0.245,
        0.25,
        0.255,
        0.26,
        0.265,
        0.27,
        0.275,
        0.28,
        0.28500000000000003,
        0.29,
        0.295,
        0.3,
        0.305,
        0.31,
        0.315,
        0.32,
        0.325,
        0.33,
        0.335,
        0.34
    ],
    "p2_vrijednosti": [
        1,
        1,
        1,
        0.98,
        0.975,
        0.965,
        0.95,
        0.95,
        0.95,
        0.8549999999999999,
        0.8549999999999999,
        0.8299999999999998,
        0.8299999999999998,
        0.8299999999999998,
        0.8199999999999998,
        0.8199999999999998,
        0.8099999999999998,
        0.8049999999999998,
        0.8049999999999998,
        0.8049999999999998,
        0.7949999999999998,
        0.7949999999999998,
        0.7949999999999998,
        0.7949999999999998,
        0.7949999999999998,
        0.7849999999999998,
        0.7849999999999998,
        0.6899999999999997,
        0.6749999999999997,
        0.6749999999999997,
        0.6699999999999997,
        0.6649999999999997,
        0.6649999999999997,
        0.6649999999999997,
        0.6399999999999997,
        0.6349999999999997,
        0.6299999999999997,
        0.6199999999999997,
        0.6099999999999997,
        0.6099999999999997,
        0.6049999999999996,
        0.5899999999999996,
        0.5899999999999996,
        0.5799999999999996,
        0.5049999999999996,
        0.48999999999999955,
        0.48999999999999955,
        0.48999999999999955,
        0.37999999999999945,
        0.3349999999999994,
        0.3149999999999994,
        0.3049999999999994,
        0.2099999999999993,
        0.1999999999999993,
        0.18499999999999928,
        0.18499999999999928,
        0.18499999999999928,
        0.16999999999999926,
        0.15499999999999925,
        0.13499999999999923,
        0.12499999999999922,
        0.0999999999999992,
        0.0949999999999992,
        0.054999999999999175,
        0.054999999999999175,
        0.054999999999999175,
        0.024999999999999183,
        0.024999999999999183,
        0.00499999999999918
    ]
}