{
    "p1_vrijednosti": [
        0.0,
        0.005,
        0.01,
        0.015,
        0.02,
        0.025,
        0.03,
        0.035,
        0.04,
        0.045,
        0.05,
        0.055,
        0.06,
        0.065,
        0.07,
        0.075,
        0.08,
        0.085,
        0.09,
        0.095,
        0.1,
        0.105,
        0.11,
        0.115,
        0.12,
        0.125,
        0.13,
        0.135,
        0.14,
        0.145,
        0.15,
        0.155,
        0.16,
        0.165,
        0.17,
        0.17500000000000002,
        0.18,
        0.185,
        0.19,
        0.195,
        0.2,
        0.20500000000000002,
        0.21,
        0.215,
        0.22,
        0.225,
        0.23,
        0.23500000000000001,
        0.24,
        0.245,
        0.25,
        0.255,
        0.26,
        0.265,
        0.27,
        0.275,
        0.28,
        0.28500000000000003,
        0.29,
        0.295,
        0.3,
        0.305
    ],
    "p2_vrijednosti": [
        1,
        0.97,
        0.9349999999999999,
        0.9049999999999999,
        0.8749999999999999,
        0.7999999999999998,
        0.7949999999999998,
        0.7899999999999998,
        0.7899999999999998,
        0.5749999999999996,
        0.5599999999999996,
        0.5599999999999996,
        0.5499999999999996,
        0.5299999999999996,
        0.5049999999999996,
        0.5049999999999996,
        0.48999999999999955,
        0.48999999999999955,
        0.47999999999999954,
        0.4649999999999995,
        0.4599999999999995,
        0.4599999999999995,
        0.4549999999999995,
        0.4349999999999995,
        0.4299999999999995,
        0.4299999999999995,
        0.4249999999999995,
        0.4149999999999995,
        0.39999999999999947,
        0.39999999999999947,
        0.3249999999999994,
        0.3249999999999994,
        0.3049999999999994,
        0.26499999999999935,
        0.25999999999999934,
        0.25499999999999934,
        0.22999999999999932,
        0.2249999999999993,
        0.2149999999999993,
        0.17499999999999927,
        0.17499999999999927,
        0.17499999999999927,
        0.17499999999999927,
        0.16999999999999926,
        0.15999999999999925,
        0.14499999999999924,
        0.13999999999999924,
        0.12999999999999923,
        0.12999999999999923,
        0.11499999999999921,
        0.11499999999999921,
        0.1049999999999992,
        0.07999999999999918,
        0.07999999999999918,
        0.06999999999999917,
        0.06999999999999917,
        0.04499999999999918,
        0.04499999999999918,
        0.024999999999999183,
        0.024999999999999183,
        0.01999999999999918,
        0.00999999999999918
    ]
}