{
    "p1_vrijednosti": [
        0.0,
        0.005,
        0.01,
        0.015,
        0.02,
        0.025,
        0.03,
        0.035,
        0.04,
        0.045,
        0.05,
        0.055,
        0.06,
        0.065,
        0.07,
        0.075,
        0.08,
        0.085,
        0.09,
        0.095,
        0.1,
        0.105,
        0.11,
        0.115,
        0.12,
        0.125,
        0.13,
        0.135,
        0.14,
        0.145,
        0.15,
        0.155,
        0.16,
        0.165,
        0.17,
        0.17500000000000002,
        0.18,
        0.185,
        0.19,
        0.195
    ],
    "p2_vrijednosti": [
        0.995,
        0.995,
        0.975,
        0.3149999999999994,
        0.3149999999999994,
        0.3149999999999994,
        0.3149999999999994,
        0.28499999999999936,
        0.28499999999999936,
        0.2249999999999993,
        0.2249999999999993,
        0.2199999999999993,
        0.2099999999999993,
        0.2049999999999993,
        0.18999999999999928,
        0.16999999999999926,
        0.16999999999999926,
        0.16499999999999926,
        0.16499999999999926,
        0.15999999999999925,
        0.14999999999999925,
        0.14999999999999925,
        0.14999999999999925,
        0.14499999999999924,
        0.13499999999999923,
        0.13499999999999923,
        0.13499999999999923,
        0.13499999999999923,
        0.0949999999999992,
        0.08999999999999919,
        0.08999999999999919,
        0.05999999999999917,
        0.05999999999999917,
        0.05999999999999917,
        0.05999999999999917,
        0.05999999999999917,
        0.05999999999999917,
        0.054999999999999175,
        0.03999999999999918,
        0
    ]
}