{
    "p1_vrijednosti": [
        0.0,
        0.005,
        0.01,
        0.015,
        0.02,
        0.025,
        0.03,
        0.035,
        0.04,
        0.045,
        0.05,
        0.055,
        0.06,
        0.065,
        0.07,
        0.075,
        0.08,
        0.085,
        0.09,
        0.095,
        0.1,
        0.105,
        0.11,
        0.115,
        0.12,
        0.125,
        0.13,
        0.135,
        0.14,
        0.145,
        0.15,
        0.155,
        0.16,
        0.165,
        0.17,
        0.17500000000000002,
        0.18,
        0.185,
        0.19,
        0.195,
        0.2,
        0.20500000000000002,
        0.21,
        0.215,
        0.22,
        0.225,
        0.23
    ],
    "p2_vrijednosti": [
        0.9299999999999999,
        0.9299999999999999,
        0.9299999999999999,
        0.9299999999999999,
        0.9049999999999999,
        0.9049999999999999,
        0.9049999999999999,
        0.9049999999999999,
        0.8799999999999999,
        0.8499999999999999,
        0.7999999999999998,
        0.7999999999999998,
        0.5599999999999996,
        0.5549999999999996,
        0.5549999999999996,
        0.5549999999999996,
        0.5549999999999996,
        0.5199999999999996,
        0.5199999999999996,
        0.5099999999999996,
        0.5099999999999996,
        0.49499999999999955,
        0.49499999999999955,
        0.47499999999999953,
        0.4499999999999995,
        0.4399999999999995,
        0.4349999999999995,
        0.3499999999999994,
        0.3449999999999994,
        0.3449999999999994,
        0.3349999999999994,
        0.28999999999999937,
        0.2249999999999993,
        0.18999999999999928,
        0.16999999999999926,
        0.16499999999999926,
        0.14499999999999924,
        0.13999999999999924,
        0.1049999999999992,
        0.08999999999999919,
        0.08499999999999919,
        0.07999999999999918,
        0.07999999999999918,
        0.04499999999999918,
        0.03999999999999918,
        0.024999999999999183,
        0.01499999999999918
    ]
}