{
    "p1_vrijednosti": [
        0.0,
        0.005,
        0.01,
        0.015,
        0.02,
        0.025,
        0.03,
        0.035,
        0.04,
        0.045,
        0.05,
        0.055,
        0.06,
        0.065,
        0.07,
        0.075,
        0.08,
        0.085,
        0.09,
        0.095,
        0.1,
        0.105,
        0.11,
        0.115,
        0.12,
        0.125,
        0.13,
        0.135,
        0.14,
        0.145,
        0.15,
        0.155,
        0.16,
        0.165,
        0.17,
        0.17500000000000002,
        0.18,
        0.185,
        0.19,
        0.195,
        0.2,
        0.20500000000000002
    ],
    "p2_vrijednosti": [
        1,
        0.94,
        0.9199999999999999,
        0.9199999999999999,
        0.8699999999999999,
        0.8449999999999999,
        0.6849999999999997,
        0.6749999999999997,
        0.6749999999999997,
        0.6749999999999997,
        0.4249999999999995,
        0.4249999999999995,
        0.4199999999999995,
        0.40499999999999947,
        0.3099999999999994,
        0.28999999999999937,
        0.27999999999999936,
        0.25999999999999934,
        0.2249999999999993,
        0.2199999999999993,
        0.18499999999999928,
        0.18499999999999928,
        0.18499999999999928,
        0.17499999999999927,
        0.17499999999999927,
        0.15999999999999925,
        0.14999999999999925,
        0.13499999999999923,
        0.10999999999999921,
        0.10999999999999921,
        0.10999999999999921,
        0.1049999999999992,
        0.0999999999999992,
        0.0949999999999992,
        0.06999999999999917,
        0.06999999999999917,
        0.06499999999999917,
        0.024999999999999183,
        0.01499999999999918,
        0.01499999999999918,
        0.00999999999999918,
        0
    ]
}